sample	seqname	count
P13625_1078_S78	seq_000000001	12
P13625_1077_S77	seq_000000002	5
P13625_1077_S77	seq_000000003	20
P13625_1078_S78	seq_000000003	7
P13625_1079_S79	seq_000000004	35
P13625_1080_S80	seq_000000004	37
P13625_1077_S77	seq_000000005	12
P13625_1078_S78	seq_000000005	3
P13625_1079_S79	seq_000000006	20
P13625_1080_S80	seq_000000006	18
P13625_1079_S79	seq_000000007	13
P13625_1080_S80	seq_000000007	22
P13625_1077_S77	seq_000000008	12
P13625_1078_S78	seq_000000008	7
P13625_1080_S80	seq_000000009	6
P13625_1077_S77	seq_000000010	16
P13625_1079_S79	seq_000000010	21
P13625_1080_S80	seq_000000010	24
P13625_1077_S77	seq_000000011	10
P13625_1078_S78	seq_000000011	6
P13625_1079_S79	seq_000000012	9
P13625_1080_S80	seq_000000012	5
P13625_1080_S80	seq_000000013	1
P13625_1079_S79	seq_000000014	51
P13625_1080_S80	seq_000000014	36
P13625_1079_S79	seq_000000015	3
P13625_1077_S77	seq_000000016	1
P13625_1075_S75	seq_000000017	4
P13625_1077_S77	seq_000000017	582
P13625_1078_S78	seq_000000017	242
P13625_1080_S80	seq_000000018	3
P13625_1079_S79	seq_000000019	6
P13625_1077_S77	seq_000000020	3
P13625_1079_S79	seq_000000021	1
P13625_1079_S79	seq_000000022	17
P13625_1080_S80	seq_000000022	28
P13625_1079_S79	seq_000000023	7
P13625_1080_S80	seq_000000023	6
P13625_1077_S77	seq_000000024	10
P13625_1079_S79	seq_000000025	11
P13625_1079_S79	seq_000000026	7
P13625_1077_S77	seq_000000027	18
P13625_1078_S78	seq_000000027	12
P13625_1080_S80	seq_000000027	5
P13625_1075_S75	seq_000000028	690
P13625_1076_S76	seq_000000029	1376
P13625_1075_S75	seq_000000030	3
P13625_1077_S77	seq_000000030	40
P13625_1078_S78	seq_000000030	36
P13625_1079_S79	seq_000000030	8
P13625_1080_S80	seq_000000030	15
P13625_1075_S75	seq_000000031	1511
P13625_1075_S75	seq_000000032	1830
P13625_1080_S80	seq_000000033	2
P13625_1077_S77	seq_000000034	8
P13625_1078_S78	seq_000000034	9
P13625_1075_S75	seq_000000035	1326
P13625_1080_S80	seq_000000036	1
P13625_1076_S76	seq_000000037	1
P13625_1075_S75	seq_000000038	201
P13625_1076_S76	seq_000000038	5692
P13625_1079_S79	seq_000000038	9
P13625_1080_S80	seq_000000038	8
P13625_1076_S76	seq_000000039	143
P13625_1076_S76	seq_000000040	1
P13625_1079_S79	seq_000000041	2
P13625_1080_S80	seq_000000042	1
P13625_1079_S79	seq_000000043	239
P13625_1080_S80	seq_000000043	545
P13625_1080_S80	seq_000000044	1
P13625_1079_S79	seq_000000045	1
P13625_1079_S79	seq_000000046	1
P13625_1075_S75	seq_000000047	77
P13625_1076_S76	seq_000000047	41
P13625_1077_S77	seq_000000047	103
P13625_1078_S78	seq_000000047	867
P13625_1079_S79	seq_000000047	3014
P13625_1080_S80	seq_000000047	6804
P13625_1078_S78	seq_000000048	1
P13625_1078_S78	seq_000000049	1
P13625_1079_S79	seq_000000050	1
P13625_1080_S80	seq_000000051	1
P13625_1080_S80	seq_000000052	1
P13625_1080_S80	seq_000000053	1
P13625_1079_S79	seq_000000054	1
P13625_1079_S79	seq_000000055	1
P13625_1079_S79	seq_000000056	1
P13625_1078_S78	seq_000000057	1
P13625_1079_S79	seq_000000058	1
P13625_1079_S79	seq_000000059	1
P13625_1080_S80	seq_000000059	1
P13625_1079_S79	seq_000000060	1
P13625_1079_S79	seq_000000061	2
P13625_1079_S79	seq_000000062	4
P13625_1078_S78	seq_000000063	1
P13625_1078_S78	seq_000000064	1
P13625_1079_S79	seq_000000065	1
P13625_1079_S79	seq_000000066	1
P13625_1079_S79	seq_000000067	1
P13625_1079_S79	seq_000000068	1
P13625_1077_S77	seq_000000069	1
P13625_1077_S77	seq_000000070	1
P13625_1079_S79	seq_000000071	1
P13625_1078_S78	seq_000000072	1
P13625_1080_S80	seq_000000073	1
P13625_1077_S77	seq_000000074	1
P13625_1077_S77	seq_000000075	1
P13625_1075_S75	seq_000000076	54
P13625_1077_S77	seq_000000076	107
P13625_1078_S78	seq_000000076	681
P13625_1079_S79	seq_000000076	2170
P13625_1080_S80	seq_000000076	4921
P13625_1078_S78	seq_000000077	3
P13625_1079_S79	seq_000000077	3
P13625_1075_S75	seq_000000078	194
P13625_1076_S76	seq_000000078	127
P13625_1077_S77	seq_000000078	370
P13625_1078_S78	seq_000000078	2635
P13625_1079_S79	seq_000000078	8636
P13625_1080_S80	seq_000000078	20935
P13625_1079_S79	seq_000000079	1
P13625_1079_S79	seq_000000080	3
P13625_1077_S77	seq_000000081	1
P13625_1079_S79	seq_000000082	1
P13625_1079_S79	seq_000000083	1
P13625_1078_S78	seq_000000084	1
P13625_1080_S80	seq_000000085	1
P13625_1079_S79	seq_000000086	1
P13625_1080_S80	seq_000000087	1
P13625_1080_S80	seq_000000088	1
P13625_1080_S80	seq_000000089	1
P13625_1080_S80	seq_000000090	1
P13625_1080_S80	seq_000000091	1
P13625_1078_S78	seq_000000092	1
P13625_1079_S79	seq_000000093	1
P13625_1079_S79	seq_000000094	1
P13625_1079_S79	seq_000000095	1
P13625_1079_S79	seq_000000096	1
P13625_1079_S79	seq_000000097	1
P13625_1079_S79	seq_000000098	1
P13625_1079_S79	seq_000000099	2
P13625_1079_S79	seq_000000100	1
P13625_1079_S79	seq_000000101	1
P13625_1079_S79	seq_000000102	1
P13625_1079_S79	seq_000000103	1
P13625_1079_S79	seq_000000104	1
P13625_1079_S79	seq_000000105	1
P13625_1080_S80	seq_000000106	1
P13625_1079_S79	seq_000000107	1
P13625_1075_S75	seq_000000108	61
P13625_1076_S76	seq_000000108	41
P13625_1077_S77	seq_000000108	136
P13625_1078_S78	seq_000000108	881
P13625_1079_S79	seq_000000108	2910
P13625_1080_S80	seq_000000108	7186
P13625_1079_S79	seq_000000109	2
P13625_1078_S78	seq_000000110	2
P13625_1077_S77	seq_000000111	8
P13625_1078_S78	seq_000000112	10
P13625_1075_S75	seq_000000113	220
P13625_1075_S75	seq_000000114	216
P13625_1075_S75	seq_000000115	440
P13625_1076_S76	seq_000000115	11946
P13625_1080_S80	seq_000000115	15
P13625_1076_S76	seq_000000116	1
P13625_1075_S75	seq_000000117	324
P13625_1076_S76	seq_000000117	5928
P13625_1078_S78	seq_000000117	7
P13625_1079_S79	seq_000000117	5
P13625_1080_S80	seq_000000117	20
P13625_1079_S79	seq_000000118	14
P13625_1077_S77	seq_000000119	13
P13625_1078_S78	seq_000000119	8
P13625_1079_S79	seq_000000120	2
P13625_1076_S76	seq_000000121	182
P13625_1075_S75	seq_000000122	1264
P13625_1075_S75	seq_000000123	288
P13625_1076_S76	seq_000000123	7040
P13625_1080_S80	seq_000000123	16
P13625_1076_S76	seq_000000124	1406
P13625_1076_S76	seq_000000125	1
P13625_1076_S76	seq_000000126	1
P13625_1076_S76	seq_000000127	1
P13625_1076_S76	seq_000000128	1
P13625_1077_S77	seq_000000129	1
P13625_1075_S75	seq_000000130	257
P13625_1076_S76	seq_000000130	3515
P13625_1078_S78	seq_000000130	8
P13625_1079_S79	seq_000000130	4
P13625_1080_S80	seq_000000130	10
P13625_1075_S75	seq_000000131	480
P13625_1080_S80	seq_000000132	13
P13625_1078_S78	seq_000000133	12
P13625_1077_S77	seq_000000134	28
P13625_1078_S78	seq_000000134	15
P13625_1079_S79	seq_000000134	57
P13625_1075_S75	seq_000000135	10
P13625_1079_S79	seq_000000135	231
P13625_1080_S80	seq_000000135	156
P13625_1080_S80	seq_000000136	7
P13625_1079_S79	seq_000000137	79
P13625_1080_S80	seq_000000137	62
P13625_1077_S77	seq_000000138	43
P13625_1075_S75	seq_000000139	10
P13625_1077_S77	seq_000000139	288
P13625_1078_S78	seq_000000139	233
P13625_1079_S79	seq_000000139	12
P13625_1077_S77	seq_000000140	1
P13625_1077_S77	seq_000000141	1
P13625_1078_S78	seq_000000142	1
P13625_1078_S78	seq_000000143	1
P13625_1077_S77	seq_000000144	2
P13625_1077_S77	seq_000000145	1
P13625_1079_S79	seq_000000146	1
P13625_1077_S77	seq_000000147	1
P13625_1077_S77	seq_000000148	2
P13625_1075_S75	seq_000000149	59
P13625_1076_S76	seq_000000149	6
P13625_1077_S77	seq_000000149	5191
P13625_1078_S78	seq_000000149	2022
P13625_1079_S79	seq_000000149	255
P13625_1080_S80	seq_000000149	225
P13625_1077_S77	seq_000000150	2
P13625_1075_S75	seq_000000151	7
P13625_1077_S77	seq_000000151	1271
P13625_1078_S78	seq_000000151	471
P13625_1079_S79	seq_000000151	108
P13625_1080_S80	seq_000000151	74
P13625_1077_S77	seq_000000152	2
P13625_1077_S77	seq_000000153	1
P13625_1075_S75	seq_000000154	11
P13625_1077_S77	seq_000000154	773
P13625_1078_S78	seq_000000154	328
P13625_1079_S79	seq_000000154	191
P13625_1080_S80	seq_000000154	101
P13625_1079_S79	seq_000000155	1
P13625_1079_S79	seq_000000156	1
P13625_1079_S79	seq_000000157	1
P13625_1079_S79	seq_000000158	1
P13625_1079_S79	seq_000000159	1
P13625_1079_S79	seq_000000160	1
P13625_1075_S75	seq_000000161	36
P13625_1077_S77	seq_000000161	1184
P13625_1078_S78	seq_000000161	475
P13625_1079_S79	seq_000000161	740
P13625_1080_S80	seq_000000161	484
P13625_1079_S79	seq_000000162	2
P13625_1079_S79	seq_000000163	1
P13625_1079_S79	seq_000000164	1
P13625_1077_S77	seq_000000165	380
P13625_1078_S78	seq_000000165	146
P13625_1079_S79	seq_000000165	361
P13625_1080_S80	seq_000000165	200
P13625_1079_S79	seq_000000166	1
P13625_1079_S79	seq_000000167	1
P13625_1079_S79	seq_000000168	1
P13625_1075_S75	seq_000000169	24
P13625_1077_S77	seq_000000169	658
P13625_1078_S78	seq_000000169	371
P13625_1079_S79	seq_000000169	332
P13625_1080_S80	seq_000000169	234
P13625_1077_S77	seq_000000170	95
P13625_1078_S78	seq_000000170	55
P13625_1079_S79	seq_000000170	27
P13625_1080_S80	seq_000000170	38
P13625_1077_S77	seq_000000171	441
P13625_1078_S78	seq_000000171	187
P13625_1079_S79	seq_000000171	129
P13625_1080_S80	seq_000000171	97
P13625_1079_S79	seq_000000172	5
P13625_1079_S79	seq_000000173	5
P13625_1078_S78	seq_000000174	4
P13625_1078_S78	seq_000000175	3
P13625_1075_S75	seq_000000176	512
P13625_1078_S78	seq_000000177	1
P13625_1078_S78	seq_000000178	9
P13625_1079_S79	seq_000000178	10
P13625_1080_S80	seq_000000178	5
P13625_1077_S77	seq_000000179	38
P13625_1078_S78	seq_000000179	22
P13625_1079_S79	seq_000000179	68
P13625_1080_S80	seq_000000179	82
P13625_1075_S75	seq_000000180	25
P13625_1077_S77	seq_000000180	354
P13625_1078_S78	seq_000000180	307
P13625_1079_S79	seq_000000180	1084
P13625_1080_S80	seq_000000180	674
P13625_1079_S79	seq_000000181	1
P13625_1079_S79	seq_000000182	1
P13625_1078_S78	seq_000000183	40
P13625_1075_S75	seq_000000184	22
P13625_1077_S77	seq_000000184	279
P13625_1078_S78	seq_000000184	233
P13625_1079_S79	seq_000000184	138
P13625_1080_S80	seq_000000184	158
P13625_1077_S77	seq_000000185	64
P13625_1078_S78	seq_000000185	45
P13625_1079_S79	seq_000000185	20
P13625_1080_S80	seq_000000185	24
P13625_1077_S77	seq_000000186	1
P13625_1077_S77	seq_000000187	1
P13625_1075_S75	seq_000000188	4
P13625_1079_S79	seq_000000188	319
P13625_1080_S80	seq_000000188	272
P13625_1079_S79	seq_000000189	40
P13625_1080_S80	seq_000000189	47
P13625_1077_S77	seq_000000190	25
P13625_1078_S78	seq_000000190	27
P13625_1077_S77	seq_000000191	223
P13625_1078_S78	seq_000000191	189
P13625_1079_S79	seq_000000191	111
P13625_1080_S80	seq_000000191	110
P13625_1079_S79	seq_000000192	135
P13625_1080_S80	seq_000000192	111
P13625_1075_S75	seq_000000193	12
P13625_1077_S77	seq_000000193	202
P13625_1078_S78	seq_000000193	188
P13625_1079_S79	seq_000000193	548
P13625_1080_S80	seq_000000193	483
P13625_1077_S77	seq_000000194	37
P13625_1078_S78	seq_000000194	33
P13625_1079_S79	seq_000000194	25
P13625_1079_S79	seq_000000195	2
P13625_1079_S79	seq_000000196	1
P13625_1077_S77	seq_000000197	1
P13625_1077_S77	seq_000000198	31
P13625_1078_S78	seq_000000198	42
P13625_1077_S77	seq_000000199	1
P13625_1080_S80	seq_000000200	6
P13625_1079_S79	seq_000000201	1
P13625_1078_S78	seq_000000202	1
P13625_1079_S79	seq_000000203	1
P13625_1079_S79	seq_000000204	1
P13625_1079_S79	seq_000000205	1
P13625_1079_S79	seq_000000206	1
P13625_1079_S79	seq_000000207	1
P13625_1079_S79	seq_000000208	1
P13625_1079_S79	seq_000000209	1
P13625_1079_S79	seq_000000210	2
P13625_1077_S77	seq_000000211	1
P13625_1080_S80	seq_000000212	1
P13625_1079_S79	seq_000000213	2
P13625_1077_S77	seq_000000214	1
P13625_1080_S80	seq_000000215	1
P13625_1080_S80	seq_000000216	3
P13625_1079_S79	seq_000000217	1
P13625_1079_S79	seq_000000218	1
P13625_1079_S79	seq_000000219	1
P13625_1080_S80	seq_000000220	1
P13625_1080_S80	seq_000000221	2
P13625_1075_S75	seq_000000222	122
P13625_1076_S76	seq_000000222	25
P13625_1077_S77	seq_000000222	3092
P13625_1078_S78	seq_000000222	3987
P13625_1079_S79	seq_000000222	6799
P13625_1080_S80	seq_000000222	4968
P13625_1079_S79	seq_000000223	1
P13625_1079_S79	seq_000000224	3
P13625_1079_S79	seq_000000225	1
P13625_1079_S79	seq_000000226	1
P13625_1079_S79	seq_000000227	3
P13625_1079_S79	seq_000000228	1
P13625_1080_S80	seq_000000229	1
P13625_1075_S75	seq_000000230	34
P13625_1076_S76	seq_000000230	11
P13625_1079_S79	seq_000000230	3326
P13625_1080_S80	seq_000000230	2117
P13625_1079_S79	seq_000000231	1
P13625_1079_S79	seq_000000232	1
P13625_1079_S79	seq_000000233	1
P13625_1079_S79	seq_000000234	3
P13625_1079_S79	seq_000000235	1
P13625_1079_S79	seq_000000236	1
P13625_1079_S79	seq_000000237	1
P13625_1079_S79	seq_000000238	2
P13625_1079_S79	seq_000000239	1
P13625_1075_S75	seq_000000240	909
P13625_1075_S75	seq_000000241	809
P13625_1077_S77	seq_000000242	3
P13625_1076_S76	seq_000000243	13
P13625_1075_S75	seq_000000244	23
P13625_1076_S76	seq_000000244	41
P13625_1078_S78	seq_000000244	10
P13625_1080_S80	seq_000000245	21
P13625_1077_S77	seq_000000246	13
P13625_1075_S75	seq_000000247	16
P13625_1077_S77	seq_000000247	20
P13625_1078_S78	seq_000000247	2
P13625_1079_S79	seq_000000247	16
P13625_1080_S80	seq_000000247	5
P13625_1077_S77	seq_000000248	1
P13625_1077_S77	seq_000000249	1
P13625_1077_S77	seq_000000250	2
P13625_1077_S77	seq_000000251	1
P13625_1079_S79	seq_000000252	1
P13625_1078_S78	seq_000000253	1
P13625_1079_S79	seq_000000254	1
P13625_1078_S78	seq_000000255	1
P13625_1077_S77	seq_000000256	1
P13625_1077_S77	seq_000000257	1
P13625_1080_S80	seq_000000258	1
P13625_1080_S80	seq_000000259	2
P13625_1078_S78	seq_000000260	4
P13625_1079_S79	seq_000000261	1
P13625_1079_S79	seq_000000262	1
P13625_1080_S80	seq_000000263	3
P13625_1080_S80	seq_000000264	1
P13625_1077_S77	seq_000000265	1
P13625_1078_S78	seq_000000266	1
P13625_1078_S78	seq_000000267	1
P13625_1078_S78	seq_000000268	1
P13625_1078_S78	seq_000000269	1
P13625_1078_S78	seq_000000270	1
P13625_1077_S77	seq_000000271	1
P13625_1078_S78	seq_000000272	1
P13625_1078_S78	seq_000000273	2
P13625_1078_S78	seq_000000274	1
P13625_1075_S75	seq_000000275	417
P13625_1076_S76	seq_000000275	27
P13625_1077_S77	seq_000000275	31606
P13625_1078_S78	seq_000000275	20065
P13625_1079_S79	seq_000000275	6268
P13625_1080_S80	seq_000000275	4148
P13625_1077_S77	seq_000000276	1
P13625_1077_S77	seq_000000277	1
P13625_1077_S77	seq_000000278	1
P13625_1077_S77	seq_000000279	1
P13625_1077_S77	seq_000000280	1
P13625_1079_S79	seq_000000281	2
P13625_1077_S77	seq_000000282	1
P13625_1077_S77	seq_000000283	2
P13625_1080_S80	seq_000000284	2
P13625_1077_S77	seq_000000285	2
P13625_1077_S77	seq_000000286	2
P13625_1078_S78	seq_000000287	1
P13625_1080_S80	seq_000000288	1
P13625_1077_S77	seq_000000289	47
P13625_1078_S78	seq_000000289	22
P13625_1079_S79	seq_000000290	385
P13625_1080_S80	seq_000000290	297
P13625_1077_S77	seq_000000291	81
P13625_1078_S78	seq_000000291	73
P13625_1077_S77	seq_000000292	57
P13625_1078_S78	seq_000000292	32
P13625_1079_S79	seq_000000293	1
P13625_1079_S79	seq_000000294	1
P13625_1079_S79	seq_000000295	2
P13625_1079_S79	seq_000000296	1
P13625_1079_S79	seq_000000297	1
P13625_1079_S79	seq_000000298	1
P13625_1080_S80	seq_000000299	1
P13625_1080_S80	seq_000000300	1
P13625_1079_S79	seq_000000301	1
P13625_1079_S79	seq_000000302	1
P13625_1079_S79	seq_000000303	2
P13625_1079_S79	seq_000000304	1
P13625_1080_S80	seq_000000305	1
P13625_1080_S80	seq_000000306	1
P13625_1075_S75	seq_000000307	92
P13625_1076_S76	seq_000000307	17
P13625_1077_S77	seq_000000307	592
P13625_1078_S78	seq_000000307	465
P13625_1079_S79	seq_000000307	3756
P13625_1080_S80	seq_000000307	3039
P13625_1077_S77	seq_000000308	1
P13625_1078_S78	seq_000000309	1
P13625_1078_S78	seq_000000310	1
P13625_1078_S78	seq_000000311	1
P13625_1079_S79	seq_000000312	1
P13625_1077_S77	seq_000000313	1
P13625_1078_S78	seq_000000314	1
P13625_1078_S78	seq_000000315	1
P13625_1078_S78	seq_000000316	1
P13625_1077_S77	seq_000000317	1
P13625_1077_S77	seq_000000318	1
P13625_1077_S77	seq_000000319	1
P13625_1077_S77	seq_000000320	1
P13625_1077_S77	seq_000000321	1
P13625_1077_S77	seq_000000322	1
P13625_1077_S77	seq_000000323	1
P13625_1077_S77	seq_000000324	1
P13625_1078_S78	seq_000000325	1
P13625_1078_S78	seq_000000326	1
P13625_1078_S78	seq_000000327	1
P13625_1077_S77	seq_000000328	1
P13625_1078_S78	seq_000000329	1
P13625_1078_S78	seq_000000330	1
P13625_1077_S77	seq_000000331	1
P13625_1077_S77	seq_000000332	1
P13625_1077_S77	seq_000000333	1
P13625_1079_S79	seq_000000334	1
P13625_1080_S80	seq_000000335	1
P13625_1079_S79	seq_000000336	1
P13625_1079_S79	seq_000000337	1
P13625_1075_S75	seq_000000338	62
P13625_1076_S76	seq_000000338	6
P13625_1077_S77	seq_000000338	2147
P13625_1078_S78	seq_000000338	1286
P13625_1079_S79	seq_000000338	268
P13625_1080_S80	seq_000000338	207
P13625_1078_S78	seq_000000339	1
P13625_1080_S80	seq_000000340	1
P13625_1080_S80	seq_000000341	1
P13625_1077_S77	seq_000000342	1
P13625_1078_S78	seq_000000343	1
P13625_1078_S78	seq_000000344	1
P13625_1080_S80	seq_000000345	1
P13625_1077_S77	seq_000000346	1
P13625_1078_S78	seq_000000347	1
P13625_1077_S77	seq_000000348	1
P13625_1080_S80	seq_000000349	1
P13625_1078_S78	seq_000000350	4
P13625_1075_S75	seq_000000351	31
P13625_1077_S77	seq_000000351	992
P13625_1078_S78	seq_000000351	594
P13625_1079_S79	seq_000000351	724
P13625_1080_S80	seq_000000351	525
P13625_1077_S77	seq_000000352	1
P13625_1077_S77	seq_000000353	1
P13625_1077_S77	seq_000000354	1
P13625_1080_S80	seq_000000355	1
P13625_1080_S80	seq_000000356	1
P13625_1080_S80	seq_000000357	1
P13625_1080_S80	seq_000000358	2
P13625_1080_S80	seq_000000359	1
P13625_1080_S80	seq_000000360	1
P13625_1080_S80	seq_000000361	1
P13625_1075_S75	seq_000000362	28
P13625_1076_S76	seq_000000362	7
P13625_1079_S79	seq_000000362	1302
P13625_1080_S80	seq_000000362	834
P13625_1076_S76	seq_000000363	9
P13625_1075_S75	seq_000000364	29
P13625_1075_S75	seq_000000365	1194
P13625_1075_S75	seq_000000366	1242
P13625_1080_S80	seq_000000367	1
P13625_1079_S79	seq_000000368	1
P13625_1080_S80	seq_000000368	6
P13625_1079_S79	seq_000000369	1
P13625_1078_S78	seq_000000370	1
P13625_1079_S79	seq_000000371	1
P13625_1079_S79	seq_000000372	1
P13625_1077_S77	seq_000000373	1
P13625_1075_S75	seq_000000374	162
P13625_1076_S76	seq_000000374	32
P13625_1077_S77	seq_000000374	372
P13625_1078_S78	seq_000000374	1218
P13625_1079_S79	seq_000000374	3571
P13625_1080_S80	seq_000000374	7375
P13625_1080_S80	seq_000000375	1
P13625_1078_S78	seq_000000376	1
P13625_1078_S78	seq_000000377	1
P13625_1079_S79	seq_000000378	1
P13625_1078_S78	seq_000000379	1
P13625_1077_S77	seq_000000380	1
P13625_1078_S78	seq_000000381	1
P13625_1078_S78	seq_000000382	1
P13625_1079_S79	seq_000000383	2
P13625_1079_S79	seq_000000384	2
P13625_1079_S79	seq_000000385	2
P13625_1080_S80	seq_000000386	1
P13625_1080_S80	seq_000000387	1
P13625_1078_S78	seq_000000388	2
P13625_1077_S77	seq_000000389	1
P13625_1077_S77	seq_000000390	1
P13625_1077_S77	seq_000000391	1
P13625_1077_S77	seq_000000392	2
P13625_1079_S79	seq_000000393	1
P13625_1080_S80	seq_000000394	1
P13625_1080_S80	seq_000000395	2
P13625_1080_S80	seq_000000396	1
P13625_1077_S77	seq_000000397	2
P13625_1075_S75	seq_000000398	4
P13625_1077_S77	seq_000000398	92
P13625_1078_S78	seq_000000398	49
P13625_1079_S79	seq_000000398	73
P13625_1080_S80	seq_000000398	71
P13625_1077_S77	seq_000000399	140
P13625_1078_S78	seq_000000399	110
P13625_1079_S79	seq_000000399	61
P13625_1080_S80	seq_000000399	50
P13625_1078_S78	seq_000000400	1
P13625_1077_S77	seq_000000401	1082
P13625_1078_S78	seq_000000401	703
P13625_1079_S79	seq_000000401	35
P13625_1080_S80	seq_000000401	55
P13625_1077_S77	seq_000000402	1095
P13625_1078_S78	seq_000000402	703
P13625_1078_S78	seq_000000403	1
P13625_1078_S78	seq_000000404	1
P13625_1078_S78	seq_000000405	1
P13625_1077_S77	seq_000000406	1
P13625_1075_S75	seq_000000407	34
P13625_1077_S77	seq_000000407	1783
P13625_1078_S78	seq_000000407	1127
P13625_1077_S77	seq_000000408	153
P13625_1078_S78	seq_000000408	77
P13625_1079_S79	seq_000000408	23
P13625_1080_S80	seq_000000408	39
P13625_1075_S75	seq_000000409	16
P13625_1077_S77	seq_000000409	769
P13625_1078_S78	seq_000000409	467
P13625_1075_S75	seq_000000410	13
P13625_1077_S77	seq_000000410	172
P13625_1078_S78	seq_000000410	119
P13625_1079_S79	seq_000000410	15
P13625_1080_S80	seq_000000410	20
P13625_1077_S77	seq_000000411	143
P13625_1078_S78	seq_000000411	87
P13625_1079_S79	seq_000000411	27
P13625_1080_S80	seq_000000411	35
P13625_1079_S79	seq_000000412	1
P13625_1079_S79	seq_000000413	1
P13625_1080_S80	seq_000000414	1
P13625_1077_S77	seq_000000415	1
P13625_1077_S77	seq_000000416	1
P13625_1079_S79	seq_000000417	1
P13625_1077_S77	seq_000000418	1
P13625_1077_S77	seq_000000419	1
P13625_1077_S77	seq_000000420	1
P13625_1079_S79	seq_000000421	1
P13625_1079_S79	seq_000000422	1
P13625_1079_S79	seq_000000423	1
P13625_1079_S79	seq_000000424	1
P13625_1078_S78	seq_000000425	1
P13625_1078_S78	seq_000000426	1
P13625_1075_S75	seq_000000427	49
P13625_1076_S76	seq_000000427	3
P13625_1077_S77	seq_000000427	1201
P13625_1078_S78	seq_000000427	554
P13625_1079_S79	seq_000000427	2076
P13625_1080_S80	seq_000000427	1187
P13625_1077_S77	seq_000000428	13
P13625_1078_S78	seq_000000428	6
P13625_1079_S79	seq_000000428	5
P13625_1080_S80	seq_000000428	13
P13625_1077_S77	seq_000000429	7
P13625_1078_S78	seq_000000429	7
P13625_1077_S77	seq_000000430	1
P13625_1078_S78	seq_000000431	1
P13625_1078_S78	seq_000000432	1
P13625_1079_S79	seq_000000433	1
P13625_1075_S75	seq_000000434	50
P13625_1077_S77	seq_000000434	2586
P13625_1078_S78	seq_000000434	1903
P13625_1079_S79	seq_000000434	283
P13625_1080_S80	seq_000000434	205
P13625_1080_S80	seq_000000435	1
P13625_1079_S79	seq_000000436	1
P13625_1079_S79	seq_000000437	1
P13625_1077_S77	seq_000000438	1
P13625_1077_S77	seq_000000439	1
P13625_1080_S80	seq_000000440	1
P13625_1080_S80	seq_000000441	2
P13625_1080_S80	seq_000000442	1
P13625_1075_S75	seq_000000443	77
P13625_1076_S76	seq_000000443	19
P13625_1077_S77	seq_000000443	305
P13625_1078_S78	seq_000000443	279
P13625_1079_S79	seq_000000443	3101
P13625_1080_S80	seq_000000443	2745
P13625_1079_S79	seq_000000444	555
P13625_1080_S80	seq_000000444	480
P13625_1079_S79	seq_000000445	1
P13625_1079_S79	seq_000000446	1
P13625_1077_S77	seq_000000447	1
P13625_1080_S80	seq_000000448	1
P13625_1079_S79	seq_000000449	2
P13625_1079_S79	seq_000000450	1
P13625_1079_S79	seq_000000451	1
P13625_1079_S79	seq_000000452	1
P13625_1080_S80	seq_000000453	1
P13625_1080_S80	seq_000000454	1
P13625_1079_S79	seq_000000455	1
P13625_1079_S79	seq_000000456	1
P13625_1075_S75	seq_000000457	24
P13625_1076_S76	seq_000000457	10
P13625_1079_S79	seq_000000457	992
P13625_1080_S80	seq_000000457	784
P13625_1080_S80	seq_000000458	1
P13625_1080_S80	seq_000000459	1
P13625_1079_S79	seq_000000460	1
P13625_1079_S79	seq_000000461	1
P13625_1079_S79	seq_000000462	1
P13625_1079_S79	seq_000000463	1
P13625_1079_S79	seq_000000464	2
P13625_1080_S80	seq_000000465	1
P13625_1080_S80	seq_000000466	1
P13625_1075_S75	seq_000000467	26
P13625_1077_S77	seq_000000467	144
P13625_1078_S78	seq_000000467	121
P13625_1079_S79	seq_000000467	448
P13625_1080_S80	seq_000000467	360
P13625_1077_S77	seq_000000468	60
P13625_1078_S78	seq_000000468	40
P13625_1079_S79	seq_000000468	211
P13625_1080_S80	seq_000000468	169
P13625_1079_S79	seq_000000469	1
P13625_1078_S78	seq_000000470	1
P13625_1078_S78	seq_000000471	1
P13625_1078_S78	seq_000000472	1
P13625_1077_S77	seq_000000473	75
P13625_1078_S78	seq_000000473	57
P13625_1079_S79	seq_000000473	149
P13625_1080_S80	seq_000000473	123
P13625_1077_S77	seq_000000474	2
P13625_1078_S78	seq_000000474	4
P13625_1079_S79	seq_000000474	84
P13625_1080_S80	seq_000000474	75
P13625_1077_S77	seq_000000475	6
P13625_1078_S78	seq_000000475	3
P13625_1079_S79	seq_000000475	16
P13625_1080_S80	seq_000000475	19
P13625_1078_S78	seq_000000476	1
P13625_1077_S77	seq_000000477	1
P13625_1077_S77	seq_000000478	1
P13625_1078_S78	seq_000000479	2
P13625_1078_S78	seq_000000480	1
P13625_1079_S79	seq_000000481	1
P13625_1078_S78	seq_000000482	1
P13625_1077_S77	seq_000000483	1
P13625_1078_S78	seq_000000484	1
P13625_1077_S77	seq_000000485	1
P13625_1077_S77	seq_000000486	1
P13625_1077_S77	seq_000000487	1
P13625_1077_S77	seq_000000488	4
P13625_1077_S77	seq_000000489	2
P13625_1075_S75	seq_000000490	219
P13625_1077_S77	seq_000000490	5707
P13625_1078_S78	seq_000000490	3592
P13625_1079_S79	seq_000000490	1737
P13625_1080_S80	seq_000000490	1720
P13625_1077_S77	seq_000000491	822
P13625_1078_S78	seq_000000491	527
P13625_1077_S77	seq_000000492	1
P13625_1079_S79	seq_000000493	1
P13625_1078_S78	seq_000000494	1
P13625_1078_S78	seq_000000495	1
P13625_1078_S78	seq_000000496	1
P13625_1078_S78	seq_000000497	7
P13625_1077_S77	seq_000000498	865
P13625_1078_S78	seq_000000498	518
P13625_1079_S79	seq_000000498	505
P13625_1080_S80	seq_000000498	562
P13625_1077_S77	seq_000000499	28
P13625_1078_S78	seq_000000499	22
P13625_1077_S77	seq_000000500	1119
P13625_1078_S78	seq_000000500	735
P13625_1079_S79	seq_000000500	301
P13625_1080_S80	seq_000000500	313
P13625_1077_S77	seq_000000501	876
P13625_1078_S78	seq_000000501	552
P13625_1079_S79	seq_000000502	243
P13625_1080_S80	seq_000000502	263
P13625_1077_S77	seq_000000503	1
P13625_1075_S75	seq_000000504	42
P13625_1077_S77	seq_000000504	976
P13625_1078_S78	seq_000000504	566
P13625_1076_S76	seq_000000505	20
P13625_1079_S79	seq_000000505	135
P13625_1080_S80	seq_000000505	136
P13625_1078_S78	seq_000000506	1
P13625_1078_S78	seq_000000507	1
P13625_1077_S77	seq_000000508	5
P13625_1078_S78	seq_000000508	6
P13625_1079_S79	seq_000000508	2
P13625_1080_S80	seq_000000508	5
P13625_1077_S77	seq_000000509	4
P13625_1075_S75	seq_000000510	1250
P13625_1079_S79	seq_000000511	33
P13625_1080_S80	seq_000000511	29
P13625_1079_S79	seq_000000512	1
P13625_1077_S77	seq_000000513	379
P13625_1078_S78	seq_000000513	240
P13625_1079_S79	seq_000000513	138
P13625_1080_S80	seq_000000513	114
P13625_1078_S78	seq_000000514	2
P13625_1078_S78	seq_000000515	1
P13625_1078_S78	seq_000000516	1
P13625_1079_S79	seq_000000517	1
P13625_1075_S75	seq_000000518	44
P13625_1077_S77	seq_000000518	1168
P13625_1078_S78	seq_000000518	789
P13625_1079_S79	seq_000000518	128
P13625_1080_S80	seq_000000518	111
P13625_1077_S77	seq_000000519	816
P13625_1078_S78	seq_000000519	557
P13625_1079_S79	seq_000000520	1
P13625_1078_S78	seq_000000521	2
P13625_1078_S78	seq_000000522	1
P13625_1079_S79	seq_000000523	1
P13625_1077_S77	seq_000000524	1
P13625_1079_S79	seq_000000525	1
P13625_1079_S79	seq_000000526	1
P13625_1077_S77	seq_000000527	1
P13625_1079_S79	seq_000000528	1
P13625_1077_S77	seq_000000529	1
P13625_1077_S77	seq_000000530	1
P13625_1077_S77	seq_000000531	3
P13625_1077_S77	seq_000000532	2
P13625_1080_S80	seq_000000533	1
P13625_1080_S80	seq_000000534	1
P13625_1080_S80	seq_000000535	1
P13625_1080_S80	seq_000000536	1
P13625_1078_S78	seq_000000537	2
P13625_1078_S78	seq_000000538	2
P13625_1077_S77	seq_000000539	1
P13625_1077_S77	seq_000000540	1
P13625_1075_S75	seq_000000541	81
P13625_1077_S77	seq_000000541	3574
P13625_1078_S78	seq_000000541	2424
P13625_1079_S79	seq_000000541	815
P13625_1080_S80	seq_000000541	581
P13625_1077_S77	seq_000000542	246
P13625_1078_S78	seq_000000542	168
P13625_1075_S75	seq_000000543	8
P13625_1077_S77	seq_000000543	41
P13625_1078_S78	seq_000000543	47
P13625_1079_S79	seq_000000543	91
P13625_1080_S80	seq_000000543	88
P13625_1077_S77	seq_000000544	94
P13625_1077_S77	seq_000000545	118
P13625_1078_S78	seq_000000545	84
P13625_1079_S79	seq_000000546	11
P13625_1077_S77	seq_000000547	197
P13625_1078_S78	seq_000000547	168
P13625_1079_S79	seq_000000547	45
P13625_1080_S80	seq_000000547	26
P13625_1079_S79	seq_000000548	1
P13625_1079_S79	seq_000000549	1
P13625_1079_S79	seq_000000550	1
P13625_1079_S79	seq_000000551	1
P13625_1079_S79	seq_000000552	1
P13625_1079_S79	seq_000000553	1
P13625_1079_S79	seq_000000554	1
P13625_1079_S79	seq_000000555	1
P13625_1077_S77	seq_000000556	94
P13625_1078_S78	seq_000000556	112
P13625_1079_S79	seq_000000556	150
P13625_1080_S80	seq_000000556	91
P13625_1077_S77	seq_000000557	21
P13625_1078_S78	seq_000000557	22
P13625_1077_S77	seq_000000558	62
P13625_1078_S78	seq_000000558	68
P13625_1077_S77	seq_000000559	1
P13625_1077_S77	seq_000000560	1
P13625_1075_S75	seq_000000561	35
P13625_1077_S77	seq_000000561	424
P13625_1078_S78	seq_000000561	467
P13625_1079_S79	seq_000000561	125
P13625_1080_S80	seq_000000561	94
P13625_1078_S78	seq_000000562	1
P13625_1077_S77	seq_000000563	1
P13625_1075_S75	seq_000000564	25
P13625_1077_S77	seq_000000564	209
P13625_1078_S78	seq_000000564	217
P13625_1079_S79	seq_000000564	141
P13625_1080_S80	seq_000000564	92
P13625_1079_S79	seq_000000565	77
P13625_1080_S80	seq_000000565	60
P13625_1077_S77	seq_000000566	32
P13625_1080_S80	seq_000000566	13
P13625_1078_S78	seq_000000567	1
P13625_1079_S79	seq_000000568	1
P13625_1079_S79	seq_000000569	1
P13625_1078_S78	seq_000000570	1
P13625_1075_S75	seq_000000571	16
P13625_1077_S77	seq_000000571	482
P13625_1078_S78	seq_000000571	422
P13625_1079_S79	seq_000000571	273
P13625_1080_S80	seq_000000571	192
P13625_1077_S77	seq_000000572	3
P13625_1079_S79	seq_000000572	15
P13625_1080_S80	seq_000000573	15
P13625_1077_S77	seq_000000574	1
P13625_1079_S79	seq_000000575	1
P13625_1078_S78	seq_000000576	1
P13625_1077_S77	seq_000000577	1
P13625_1077_S77	seq_000000578	1
P13625_1075_S75	seq_000000579	41
P13625_1077_S77	seq_000000579	1360
P13625_1078_S78	seq_000000579	1068
P13625_1079_S79	seq_000000579	145
P13625_1080_S80	seq_000000579	105
P13625_1077_S77	seq_000000580	103
P13625_1078_S78	seq_000000580	46
P13625_1079_S79	seq_000000581	46
P13625_1078_S78	seq_000000582	1
P13625_1077_S77	seq_000000583	1
P13625_1077_S77	seq_000000584	1
P13625_1077_S77	seq_000000585	47
P13625_1077_S77	seq_000000586	59
P13625_1078_S78	seq_000000586	60
P13625_1080_S80	seq_000000586	30
P13625_1077_S77	seq_000000587	1
P13625_1077_S77	seq_000000588	1
P13625_1079_S79	seq_000000589	12
P13625_1079_S79	seq_000000590	31
P13625_1077_S77	seq_000000591	65
P13625_1078_S78	seq_000000591	64
P13625_1079_S79	seq_000000591	81
P13625_1080_S80	seq_000000591	81
P13625_1077_S77	seq_000000592	1
P13625_1075_S75	seq_000000593	8
P13625_1077_S77	seq_000000593	101
P13625_1078_S78	seq_000000593	95
P13625_1079_S79	seq_000000593	24
P13625_1080_S80	seq_000000593	25
P13625_1077_S77	seq_000000594	5
P13625_1079_S79	seq_000000594	30
P13625_1080_S80	seq_000000594	20
P13625_1080_S80	seq_000000595	1
P13625_1079_S79	seq_000000596	1
P13625_1079_S79	seq_000000597	1
P13625_1077_S77	seq_000000598	1
P13625_1078_S78	seq_000000599	1
P13625_1078_S78	seq_000000600	1
P13625_1077_S77	seq_000000601	1
P13625_1077_S77	seq_000000602	1
P13625_1077_S77	seq_000000603	2
P13625_1078_S78	seq_000000604	1
P13625_1075_S75	seq_000000605	57
P13625_1077_S77	seq_000000605	2107
P13625_1078_S78	seq_000000605	2720
P13625_1079_S79	seq_000000605	137
P13625_1080_S80	seq_000000605	125
P13625_1077_S77	seq_000000606	72
P13625_1078_S78	seq_000000606	102
P13625_1077_S77	seq_000000607	1
P13625_1077_S77	seq_000000608	1
P13625_1078_S78	seq_000000609	1
P13625_1078_S78	seq_000000610	1
P13625_1078_S78	seq_000000611	1
P13625_1078_S78	seq_000000612	1
P13625_1078_S78	seq_000000613	1
P13625_1078_S78	seq_000000614	1
P13625_1078_S78	seq_000000615	1
P13625_1077_S77	seq_000000616	1
P13625_1077_S77	seq_000000617	1
P13625_1078_S78	seq_000000618	1
P13625_1078_S78	seq_000000619	1
P13625_1078_S78	seq_000000620	1
P13625_1078_S78	seq_000000621	2
P13625_1077_S77	seq_000000622	1
P13625_1077_S77	seq_000000623	1
P13625_1077_S77	seq_000000624	1
P13625_1078_S78	seq_000000625	1
P13625_1077_S77	seq_000000626	1
P13625_1078_S78	seq_000000627	1
P13625_1079_S79	seq_000000628	35
P13625_1075_S75	seq_000000629	12
P13625_1077_S77	seq_000000629	161
P13625_1078_S78	seq_000000629	125
P13625_1079_S79	seq_000000629	203
P13625_1080_S80	seq_000000629	160
P13625_1077_S77	seq_000000630	1
P13625_1079_S79	seq_000000631	1
P13625_1077_S77	seq_000000632	1
P13625_1077_S77	seq_000000633	42
P13625_1078_S78	seq_000000633	51
P13625_1079_S79	seq_000000633	120
P13625_1080_S80	seq_000000633	116
P13625_1078_S78	seq_000000634	1
P13625_1078_S78	seq_000000635	1
P13625_1078_S78	seq_000000636	1
P13625_1079_S79	seq_000000637	371
P13625_1080_S80	seq_000000637	265
P13625_1080_S80	seq_000000638	1
P13625_1079_S79	seq_000000639	1
P13625_1080_S80	seq_000000640	1
P13625_1080_S80	seq_000000641	1
P13625_1079_S79	seq_000000642	1
P13625_1079_S79	seq_000000643	1
P13625_1080_S80	seq_000000644	1
P13625_1075_S75	seq_000000645	185
P13625_1076_S76	seq_000000645	78
P13625_1077_S77	seq_000000645	790
P13625_1078_S78	seq_000000645	672
P13625_1079_S79	seq_000000645	13486
P13625_1080_S80	seq_000000645	10791
P13625_1079_S79	seq_000000646	1
P13625_1079_S79	seq_000000647	1
P13625_1078_S78	seq_000000648	1
P13625_1078_S78	seq_000000649	1
P13625_1079_S79	seq_000000650	2
P13625_1079_S79	seq_000000651	2
P13625_1079_S79	seq_000000652	2
P13625_1077_S77	seq_000000653	1
P13625_1077_S77	seq_000000654	1
P13625_1077_S77	seq_000000655	1
P13625_1079_S79	seq_000000656	1
P13625_1079_S79	seq_000000657	1
P13625_1079_S79	seq_000000658	1
P13625_1079_S79	seq_000000659	1
P13625_1079_S79	seq_000000660	1
P13625_1079_S79	seq_000000661	2
P13625_1080_S80	seq_000000661	1
P13625_1079_S79	seq_000000662	1
P13625_1079_S79	seq_000000663	1
P13625_1079_S79	seq_000000664	1
P13625_1079_S79	seq_000000665	2
P13625_1080_S80	seq_000000666	1
P13625_1077_S77	seq_000000667	1
P13625_1077_S77	seq_000000668	1
P13625_1079_S79	seq_000000669	1
P13625_1077_S77	seq_000000670	1
P13625_1079_S79	seq_000000671	369
P13625_1080_S80	seq_000000671	295
P13625_1079_S79	seq_000000672	1
P13625_1079_S79	seq_000000673	1
P13625_1077_S77	seq_000000674	2
P13625_1077_S77	seq_000000675	1
P13625_1077_S77	seq_000000676	1
P13625_1078_S78	seq_000000677	1
P13625_1075_S75	seq_000000678	75
P13625_1076_S76	seq_000000678	17
P13625_1077_S77	seq_000000678	2355
P13625_1078_S78	seq_000000678	2112
P13625_1079_S79	seq_000000678	1478
P13625_1080_S80	seq_000000678	1201
P13625_1079_S79	seq_000000679	2
P13625_1079_S79	seq_000000680	1
P13625_1079_S79	seq_000000681	1
P13625_1080_S80	seq_000000682	1
P13625_1079_S79	seq_000000683	1
P13625_1078_S78	seq_000000684	1
P13625_1078_S78	seq_000000685	1
P13625_1078_S78	seq_000000686	1
P13625_1078_S78	seq_000000687	1
P13625_1079_S79	seq_000000688	1
P13625_1079_S79	seq_000000689	1
P13625_1079_S79	seq_000000690	1
P13625_1078_S78	seq_000000691	2
P13625_1078_S78	seq_000000692	1
P13625_1077_S77	seq_000000693	1
P13625_1079_S79	seq_000000694	1
P13625_1079_S79	seq_000000695	1
P13625_1077_S77	seq_000000696	106
P13625_1078_S78	seq_000000696	110
P13625_1077_S77	seq_000000697	175
P13625_1078_S78	seq_000000697	169
P13625_1079_S79	seq_000000697	223
P13625_1080_S80	seq_000000697	187
P13625_1075_S75	seq_000000698	3
P13625_1076_S76	seq_000000698	3
P13625_1077_S77	seq_000000698	187
P13625_1078_S78	seq_000000698	196
P13625_1079_S79	seq_000000698	62
P13625_1080_S80	seq_000000698	57
P13625_1078_S78	seq_000000699	1
P13625_1080_S80	seq_000000700	1
P13625_1078_S78	seq_000000701	1
P13625_1079_S79	seq_000000702	13
P13625_1080_S80	seq_000000702	3
P13625_1079_S79	seq_000000703	1
P13625_1079_S79	seq_000000704	1
P13625_1079_S79	seq_000000705	1
P13625_1077_S77	seq_000000706	1
P13625_1079_S79	seq_000000707	2
P13625_1078_S78	seq_000000708	1
P13625_1076_S76	seq_000000709	6
P13625_1077_S77	seq_000000709	153
P13625_1078_S78	seq_000000709	195
P13625_1079_S79	seq_000000709	385
P13625_1080_S80	seq_000000709	288
P13625_1077_S77	seq_000000710	74
P13625_1078_S78	seq_000000710	94
P13625_1079_S79	seq_000000710	342
P13625_1080_S80	seq_000000710	206
P13625_1078_S78	seq_000000711	1
P13625_1078_S78	seq_000000712	1
P13625_1080_S80	seq_000000713	1
P13625_1080_S80	seq_000000714	1
P13625_1080_S80	seq_000000715	1
P13625_1075_S75	seq_000000716	34
P13625_1077_S77	seq_000000716	102
P13625_1078_S78	seq_000000716	135
P13625_1079_S79	seq_000000716	410
P13625_1080_S80	seq_000000716	288
P13625_1079_S79	seq_000000717	27
P13625_1080_S80	seq_000000717	16
P13625_1077_S77	seq_000000718	1
P13625_1075_S75	seq_000000719	25
P13625_1077_S77	seq_000000719	732
P13625_1078_S78	seq_000000719	506
P13625_1079_S79	seq_000000719	256
P13625_1080_S80	seq_000000719	255
P13625_1079_S79	seq_000000720	1
P13625_1079_S79	seq_000000721	1
P13625_1079_S79	seq_000000722	54
P13625_1080_S80	seq_000000722	23
P13625_1075_S75	seq_000000723	26
P13625_1077_S77	seq_000000723	373
P13625_1078_S78	seq_000000723	248
P13625_1079_S79	seq_000000723	113
P13625_1080_S80	seq_000000723	92
P13625_1077_S77	seq_000000724	207
P13625_1078_S78	seq_000000724	122
P13625_1077_S77	seq_000000725	191
P13625_1078_S78	seq_000000725	137
P13625_1079_S79	seq_000000725	58
P13625_1080_S80	seq_000000725	39
P13625_1079_S79	seq_000000726	1
P13625_1079_S79	seq_000000727	1
P13625_1079_S79	seq_000000728	1
P13625_1079_S79	seq_000000729	1
P13625_1077_S77	seq_000000730	1
P13625_1077_S77	seq_000000731	2
P13625_1078_S78	seq_000000732	1
P13625_1077_S77	seq_000000733	1
P13625_1080_S80	seq_000000734	1
P13625_1075_S75	seq_000000735	71
P13625_1076_S76	seq_000000735	8
P13625_1077_S77	seq_000000735	1998
P13625_1078_S78	seq_000000735	1685
P13625_1079_S79	seq_000000735	1206
P13625_1080_S80	seq_000000735	937
P13625_1077_S77	seq_000000736	562
P13625_1078_S78	seq_000000736	449
P13625_1079_S79	seq_000000736	460
P13625_1080_S80	seq_000000736	352
P13625_1077_S77	seq_000000737	95
P13625_1078_S78	seq_000000737	71
P13625_1078_S78	seq_000000738	1
P13625_1078_S78	seq_000000739	1
P13625_1079_S79	seq_000000740	1
P13625_1077_S77	seq_000000741	79
P13625_1078_S78	seq_000000741	138
P13625_1079_S79	seq_000000741	208
P13625_1080_S80	seq_000000741	132
P13625_1077_S77	seq_000000742	1
P13625_1078_S78	seq_000000743	1
P13625_1078_S78	seq_000000744	1
P13625_1079_S79	seq_000000745	1
P13625_1078_S78	seq_000000746	1
P13625_1078_S78	seq_000000747	1
P13625_1078_S78	seq_000000748	1
P13625_1079_S79	seq_000000749	1
P13625_1079_S79	seq_000000750	1
P13625_1079_S79	seq_000000751	1
P13625_1079_S79	seq_000000752	1
P13625_1077_S77	seq_000000753	1
P13625_1077_S77	seq_000000754	136
P13625_1078_S78	seq_000000754	64
P13625_1079_S79	seq_000000754	20
P13625_1080_S80	seq_000000754	37
P13625_1079_S79	seq_000000755	42
P13625_1075_S75	seq_000000756	6
P13625_1077_S77	seq_000000756	152
P13625_1078_S78	seq_000000756	76
P13625_1077_S77	seq_000000757	1
P13625_1080_S80	seq_000000758	26
P13625_1075_S75	seq_000000759	25
P13625_1077_S77	seq_000000759	144
P13625_1078_S78	seq_000000759	123
P13625_1079_S79	seq_000000759	117
P13625_1080_S80	seq_000000759	94
P13625_1077_S77	seq_000000760	179
P13625_1078_S78	seq_000000760	189
P13625_1079_S79	seq_000000760	100
P13625_1080_S80	seq_000000760	83
P13625_1077_S77	seq_000000761	40
P13625_1078_S78	seq_000000761	46
P13625_1077_S77	seq_000000762	2
P13625_1077_S77	seq_000000763	13
P13625_1078_S78	seq_000000763	15
P13625_1079_S79	seq_000000763	16
P13625_1080_S80	seq_000000763	14
P13625_1075_S75	seq_000000764	2
P13625_1077_S77	seq_000000765	66
P13625_1077_S77	seq_000000766	1
P13625_1077_S77	seq_000000767	1
P13625_1077_S77	seq_000000768	1
P13625_1077_S77	seq_000000769	1
P13625_1077_S77	seq_000000770	1
P13625_1079_S79	seq_000000771	3
P13625_1078_S78	seq_000000772	1
P13625_1079_S79	seq_000000773	1
P13625_1075_S75	seq_000000774	93
P13625_1076_S76	seq_000000774	12
P13625_1077_S77	seq_000000774	681
P13625_1078_S78	seq_000000774	512
P13625_1079_S79	seq_000000774	1735
P13625_1080_S80	seq_000000774	1279
P13625_1077_S77	seq_000000775	531
P13625_1078_S78	seq_000000775	344
P13625_1079_S79	seq_000000775	754
P13625_1080_S80	seq_000000775	561
P13625_1080_S80	seq_000000776	1
P13625_1077_S77	seq_000000777	67
P13625_1079_S79	seq_000000777	315
P13625_1080_S80	seq_000000777	245
P13625_1077_S77	seq_000000778	53
P13625_1078_S78	seq_000000778	35
P13625_1079_S79	seq_000000778	39
P13625_1077_S77	seq_000000779	81
P13625_1078_S78	seq_000000779	64
P13625_1079_S79	seq_000000779	20
P13625_1080_S80	seq_000000779	15
P13625_1077_S77	seq_000000780	171
P13625_1078_S78	seq_000000780	105
P13625_1077_S77	seq_000000781	1
P13625_1077_S77	seq_000000782	1
P13625_1077_S77	seq_000000783	101
P13625_1078_S78	seq_000000783	72
P13625_1080_S80	seq_000000784	1
P13625_1080_S80	seq_000000785	1
P13625_1080_S80	seq_000000786	1
P13625_1077_S77	seq_000000787	107
P13625_1078_S78	seq_000000787	71
P13625_1079_S79	seq_000000787	103
P13625_1080_S80	seq_000000787	92
P13625_1078_S78	seq_000000788	1
P13625_1079_S79	seq_000000789	2
P13625_1077_S77	seq_000000790	1
P13625_1079_S79	seq_000000791	1
P13625_1079_S79	seq_000000792	1
P13625_1080_S80	seq_000000793	1
P13625_1080_S80	seq_000000794	1
P13625_1077_S77	seq_000000795	1
P13625_1077_S77	seq_000000796	63
P13625_1078_S78	seq_000000796	62
P13625_1079_S79	seq_000000796	526
P13625_1080_S80	seq_000000796	425
P13625_1075_S75	seq_000000797	38
P13625_1077_S77	seq_000000797	117
P13625_1078_S78	seq_000000797	80
P13625_1079_S79	seq_000000797	625
P13625_1080_S80	seq_000000797	485
P13625_1079_S79	seq_000000798	108
P13625_1080_S80	seq_000000798	68
P13625_1077_S77	seq_000000799	67
P13625_1078_S78	seq_000000799	41
P13625_1079_S79	seq_000000799	78
P13625_1080_S80	seq_000000799	97
P13625_1080_S80	seq_000000800	1
P13625_1077_S77	seq_000000801	1
P13625_1077_S77	seq_000000802	121
P13625_1078_S78	seq_000000802	96
P13625_1079_S79	seq_000000802	52
P13625_1080_S80	seq_000000802	43
P13625_1077_S77	seq_000000803	64
P13625_1078_S78	seq_000000803	47
P13625_1079_S79	seq_000000803	235
P13625_1080_S80	seq_000000803	174
P13625_1079_S79	seq_000000804	1
P13625_1079_S79	seq_000000805	1
P13625_1079_S79	seq_000000806	2
P13625_1078_S78	seq_000000807	1
P13625_1075_S75	seq_000000808	11
P13625_1077_S77	seq_000000808	345
P13625_1078_S78	seq_000000808	241
P13625_1079_S79	seq_000000808	288
P13625_1080_S80	seq_000000808	184
P13625_1078_S78	seq_000000809	1
P13625_1078_S78	seq_000000810	1
P13625_1079_S79	seq_000000811	1
P13625_1079_S79	seq_000000812	1
P13625_1079_S79	seq_000000813	1
P13625_1079_S79	seq_000000814	1
P13625_1079_S79	seq_000000815	3
P13625_1078_S78	seq_000000816	1
P13625_1077_S77	seq_000000817	1
P13625_1077_S77	seq_000000818	1
P13625_1077_S77	seq_000000819	1
P13625_1079_S79	seq_000000820	1
P13625_1077_S77	seq_000000821	19
P13625_1078_S78	seq_000000821	21
P13625_1079_S79	seq_000000821	21
P13625_1080_S80	seq_000000821	12
P13625_1075_S75	seq_000000822	5
P13625_1077_S77	seq_000000823	29
P13625_1078_S78	seq_000000823	30
P13625_1079_S79	seq_000000823	54
P13625_1080_S80	seq_000000823	60
P13625_1077_S77	seq_000000824	24
P13625_1078_S78	seq_000000824	24
P13625_1079_S79	seq_000000824	118
P13625_1080_S80	seq_000000824	64
P13625_1079_S79	seq_000000825	387
P13625_1080_S80	seq_000000825	316
P13625_1077_S77	seq_000000826	101
P13625_1078_S78	seq_000000826	62
P13625_1077_S77	seq_000000827	78
P13625_1078_S78	seq_000000827	96
P13625_1078_S78	seq_000000828	1
P13625_1075_S75	seq_000000829	20
P13625_1079_S79	seq_000000829	274
P13625_1080_S80	seq_000000829	195
P13625_1079_S79	seq_000000830	145
P13625_1080_S80	seq_000000830	97
P13625_1077_S77	seq_000000831	1
P13625_1077_S77	seq_000000832	125
P13625_1078_S78	seq_000000832	65
P13625_1079_S79	seq_000000832	5
P13625_1080_S80	seq_000000832	6
P13625_1078_S78	seq_000000833	1
P13625_1077_S77	seq_000000834	1
P13625_1078_S78	seq_000000835	1
P13625_1077_S77	seq_000000836	1
P13625_1079_S79	seq_000000837	1
P13625_1079_S79	seq_000000838	1
P13625_1078_S78	seq_000000839	1
P13625_1078_S78	seq_000000840	1
P13625_1077_S77	seq_000000841	445
P13625_1078_S78	seq_000000841	309
P13625_1079_S79	seq_000000841	416
P13625_1080_S80	seq_000000841	399
P13625_1075_S75	seq_000000842	49
P13625_1077_S77	seq_000000842	48
P13625_1079_S79	seq_000000842	946
P13625_1080_S80	seq_000000842	876
P13625_1078_S78	seq_000000843	1
P13625_1077_S77	seq_000000844	1
P13625_1079_S79	seq_000000845	1
P13625_1078_S78	seq_000000846	1
P13625_1078_S78	seq_000000847	1
P13625_1079_S79	seq_000000848	1
P13625_1079_S79	seq_000000849	1
P13625_1079_S79	seq_000000850	1
P13625_1079_S79	seq_000000851	1
P13625_1079_S79	seq_000000852	1
P13625_1078_S78	seq_000000853	1
P13625_1077_S77	seq_000000854	1
P13625_1077_S77	seq_000000855	1
P13625_1078_S78	seq_000000856	1
P13625_1078_S78	seq_000000857	1
P13625_1077_S77	seq_000000858	1
P13625_1077_S77	seq_000000859	1
P13625_1077_S77	seq_000000860	71
P13625_1078_S78	seq_000000860	48
P13625_1079_S79	seq_000000860	31
P13625_1080_S80	seq_000000860	19
P13625_1077_S77	seq_000000861	1
P13625_1075_S75	seq_000000862	38
P13625_1076_S76	seq_000000862	5
P13625_1077_S77	seq_000000862	1058
P13625_1078_S78	seq_000000862	1063
P13625_1079_S79	seq_000000862	463
P13625_1080_S80	seq_000000862	318
P13625_1078_S78	seq_000000863	1
P13625_1080_S80	seq_000000864	1
P13625_1080_S80	seq_000000865	1
P13625_1078_S78	seq_000000866	1
P13625_1075_S75	seq_000000867	16
P13625_1077_S77	seq_000000867	451
P13625_1078_S78	seq_000000867	308
P13625_1079_S79	seq_000000867	77
P13625_1080_S80	seq_000000867	62
P13625_1077_S77	seq_000000868	168
P13625_1078_S78	seq_000000868	142
P13625_1077_S77	seq_000000869	26
P13625_1078_S78	seq_000000869	28
P13625_1079_S79	seq_000000869	38
P13625_1080_S80	seq_000000869	21
P13625_1077_S77	seq_000000870	1
P13625_1077_S77	seq_000000871	114
P13625_1078_S78	seq_000000871	109
P13625_1079_S79	seq_000000871	88
P13625_1080_S80	seq_000000871	76
P13625_1077_S77	seq_000000872	274
P13625_1078_S78	seq_000000872	291
P13625_1079_S79	seq_000000872	119
P13625_1080_S80	seq_000000872	94
P13625_1075_S75	seq_000000873	49
P13625_1077_S77	seq_000000873	397
P13625_1078_S78	seq_000000873	389
P13625_1079_S79	seq_000000873	71
P13625_1080_S80	seq_000000873	43
P13625_1076_S76	seq_000000874	5
P13625_1077_S77	seq_000000874	108
P13625_1078_S78	seq_000000874	99
P13625_1079_S79	seq_000000874	77
P13625_1080_S80	seq_000000874	63
P13625_1077_S77	seq_000000875	1
P13625_1077_S77	seq_000000876	1
P13625_1077_S77	seq_000000877	1
P13625_1077_S77	seq_000000878	114
P13625_1078_S78	seq_000000878	106
P13625_1079_S79	seq_000000878	91
P13625_1080_S80	seq_000000878	94
P13625_1080_S80	seq_000000879	1
P13625_1080_S80	seq_000000880	1
P13625_1077_S77	seq_000000881	1
P13625_1075_S75	seq_000000882	6
P13625_1077_S77	seq_000000882	216
P13625_1078_S78	seq_000000882	131
P13625_1079_S79	seq_000000882	86
P13625_1080_S80	seq_000000882	76
P13625_1077_S77	seq_000000883	1
P13625_1077_S77	seq_000000884	1
P13625_1077_S77	seq_000000885	1
P13625_1077_S77	seq_000000886	1
P13625_1076_S76	seq_000000887	2
P13625_1077_S77	seq_000000887	42
P13625_1078_S78	seq_000000887	46
P13625_1078_S78	seq_000000888	17
P13625_1075_S75	seq_000000889	3
P13625_1077_S77	seq_000000889	32
P13625_1078_S78	seq_000000889	18
P13625_1079_S79	seq_000000889	11
P13625_1080_S80	seq_000000889	5
P13625_1077_S77	seq_000000890	28
P13625_1078_S78	seq_000000890	24
P13625_1079_S79	seq_000000891	1
P13625_1079_S79	seq_000000892	1
P13625_1079_S79	seq_000000893	1
P13625_1079_S79	seq_000000894	1
P13625_1079_S79	seq_000000895	2
P13625_1079_S79	seq_000000896	3
P13625_1079_S79	seq_000000897	1
P13625_1079_S79	seq_000000898	1
P13625_1075_S75	seq_000000899	102
P13625_1076_S76	seq_000000899	22
P13625_1079_S79	seq_000000899	4776
P13625_1080_S80	seq_000000899	3773
P13625_1079_S79	seq_000000900	1
P13625_1080_S80	seq_000000901	2
P13625_1079_S79	seq_000000902	7
P13625_1079_S79	seq_000000903	1
P13625_1080_S80	seq_000000904	5
P13625_1077_S77	seq_000000905	39
P13625_1078_S78	seq_000000905	41
P13625_1079_S79	seq_000000905	11
P13625_1080_S80	seq_000000905	8
P13625_1078_S78	seq_000000906	1
P13625_1077_S77	seq_000000907	1
P13625_1077_S77	seq_000000908	1
P13625_1077_S77	seq_000000909	1
P13625_1078_S78	seq_000000910	1
P13625_1078_S78	seq_000000911	1
P13625_1078_S78	seq_000000912	1
P13625_1078_S78	seq_000000913	1
P13625_1078_S78	seq_000000914	2
P13625_1078_S78	seq_000000915	1
P13625_1075_S75	seq_000000916	7
P13625_1077_S77	seq_000000916	85
P13625_1078_S78	seq_000000916	74
P13625_1079_S79	seq_000000916	21
P13625_1080_S80	seq_000000916	18
P13625_1079_S79	seq_000000917	25
P13625_1080_S80	seq_000000917	20
P13625_1079_S79	seq_000000918	44
P13625_1080_S80	seq_000000918	50
P13625_1080_S80	seq_000000919	1
P13625_1080_S80	seq_000000920	1
P13625_1079_S79	seq_000000921	390
P13625_1080_S80	seq_000000921	373
P13625_1079_S79	seq_000000922	1
P13625_1075_S75	seq_000000923	21
P13625_1079_S79	seq_000000923	767
P13625_1080_S80	seq_000000923	754
P13625_1077_S77	seq_000000924	83
P13625_1078_S78	seq_000000924	50
P13625_1079_S79	seq_000000924	51
P13625_1080_S80	seq_000000924	41
P13625_1077_S77	seq_000000925	1
P13625_1077_S77	seq_000000926	1
P13625_1078_S78	seq_000000927	1
P13625_1078_S78	seq_000000928	1
P13625_1075_S75	seq_000000929	12
P13625_1077_S77	seq_000000929	75
P13625_1078_S78	seq_000000929	104
P13625_1079_S79	seq_000000929	116
P13625_1080_S80	seq_000000929	78
P13625_1079_S79	seq_000000930	1
P13625_1079_S79	seq_000000931	1
P13625_1077_S77	seq_000000932	2
P13625_1080_S80	seq_000000933	1
P13625_1080_S80	seq_000000934	1
P13625_1078_S78	seq_000000935	1
P13625_1078_S78	seq_000000936	1
P13625_1077_S77	seq_000000937	257
P13625_1078_S78	seq_000000937	271
P13625_1075_S75	seq_000000938	26
P13625_1077_S77	seq_000000938	273
P13625_1078_S78	seq_000000938	299
P13625_1079_S79	seq_000000938	279
P13625_1080_S80	seq_000000938	180
P13625_1078_S78	seq_000000939	1
P13625_1077_S77	seq_000000940	60
P13625_1078_S78	seq_000000940	69
P13625_1079_S79	seq_000000940	413
P13625_1080_S80	seq_000000940	362
P13625_1080_S80	seq_000000941	1
P13625_1080_S80	seq_000000942	1
P13625_1077_S77	seq_000000943	48
P13625_1078_S78	seq_000000943	53
P13625_1079_S79	seq_000000943	226
P13625_1080_S80	seq_000000943	194
P13625_1079_S79	seq_000000944	1
P13625_1079_S79	seq_000000945	1
P13625_1078_S78	seq_000000946	3
P13625_1077_S77	seq_000000947	1
P13625_1079_S79	seq_000000947	1
P13625_1080_S80	seq_000000948	2
P13625_1080_S80	seq_000000949	1
P13625_1079_S79	seq_000000950	1
P13625_1077_S77	seq_000000951	1
P13625_1077_S77	seq_000000952	1
P13625_1078_S78	seq_000000952	1
P13625_1078_S78	seq_000000953	1
P13625_1080_S80	seq_000000954	2
P13625_1079_S79	seq_000000955	1
P13625_1077_S77	seq_000000956	1
P13625_1077_S77	seq_000000957	55
P13625_1078_S78	seq_000000957	80
P13625_1079_S79	seq_000000957	36
P13625_1078_S78	seq_000000958	2
P13625_1080_S80	seq_000000958	1
P13625_1078_S78	seq_000000959	4
P13625_1077_S77	seq_000000960	1
P13625_1078_S78	seq_000000960	1
P13625_1079_S79	seq_000000960	2
P13625_1080_S80	seq_000000960	1
P13625_1079_S79	seq_000000961	1
P13625_1080_S80	seq_000000962	5
P13625_1079_S79	seq_000000963	3
P13625_1078_S78	seq_000000964	1
P13625_1079_S79	seq_000000964	2
P13625_1080_S80	seq_000000964	1
P13625_1079_S79	seq_000000965	1
P13625_1078_S78	seq_000000966	5
P13625_1080_S80	seq_000000966	2
P13625_1078_S78	seq_000000967	2
P13625_1080_S80	seq_000000967	1
P13625_1079_S79	seq_000000968	4
P13625_1080_S80	seq_000000968	1
P13625_1078_S78	seq_000000969	1
P13625_1077_S77	seq_000000970	1
P13625_1080_S80	seq_000000971	2
P13625_1079_S79	seq_000000972	2
P13625_1077_S77	seq_000000973	1
P13625_1078_S78	seq_000000973	1
P13625_1080_S80	seq_000000974	3
P13625_1079_S79	seq_000000975	1
P13625_1079_S79	seq_000000976	4
P13625_1080_S80	seq_000000977	3
P13625_1079_S79	seq_000000978	1
P13625_1077_S77	seq_000000979	2
P13625_1077_S77	seq_000000980	186
P13625_1078_S78	seq_000000980	173
P13625_1079_S79	seq_000000980	102
P13625_1080_S80	seq_000000980	136
P13625_1080_S80	seq_000000981	1
P13625_1077_S77	seq_000000982	268
P13625_1078_S78	seq_000000982	264
P13625_1077_S77	seq_000000983	4
P13625_1078_S78	seq_000000983	3
P13625_1080_S80	seq_000000984	1
P13625_1075_S75	seq_000000985	250
P13625_1076_S76	seq_000000985	21
P13625_1077_S77	seq_000000985	9602
P13625_1078_S78	seq_000000985	9726
P13625_1079_S79	seq_000000985	3077
P13625_1080_S80	seq_000000985	2492
P13625_1077_S77	seq_000000986	1
P13625_1077_S77	seq_000000987	1
P13625_1077_S77	seq_000000988	1
P13625_1077_S77	seq_000000989	1
P13625_1077_S77	seq_000000990	2
P13625_1078_S78	seq_000000991	1
P13625_1078_S78	seq_000000992	3
P13625_1078_S78	seq_000000993	2
P13625_1078_S78	seq_000000994	2
P13625_1077_S77	seq_000000995	16
P13625_1079_S79	seq_000000996	1
P13625_1079_S79	seq_000000997	1
P13625_1078_S78	seq_000000998	1
P13625_1078_S78	seq_000000999	1
P13625_1078_S78	seq_000001000	2
P13625_1079_S79	seq_000001001	2
P13625_1079_S79	seq_000001002	1
P13625_1078_S78	seq_000001003	6
P13625_1080_S80	seq_000001004	1
P13625_1078_S78	seq_000001005	1
P13625_1078_S78	seq_000001006	1
P13625_1077_S77	seq_000001007	1
P13625_1077_S77	seq_000001008	1
P13625_1079_S79	seq_000001009	2
P13625_1077_S77	seq_000001010	2
P13625_1077_S77	seq_000001011	1
P13625_1079_S79	seq_000001012	1
P13625_1079_S79	seq_000001013	1
P13625_1077_S77	seq_000001014	1
P13625_1077_S77	seq_000001015	1
P13625_1077_S77	seq_000001016	1
P13625_1077_S77	seq_000001017	1
P13625_1077_S77	seq_000001018	1
P13625_1080_S80	seq_000001019	1
P13625_1077_S77	seq_000001020	1
P13625_1075_S75	seq_000001021	13
P13625_1077_S77	seq_000001021	225
P13625_1078_S78	seq_000001021	262
P13625_1079_S79	seq_000001021	152
P13625_1080_S80	seq_000001021	101
P13625_1078_S78	seq_000001022	1
P13625_1080_S80	seq_000001023	1
P13625_1078_S78	seq_000001024	1
P13625_1078_S78	seq_000001025	1
P13625_1077_S77	seq_000001026	1
P13625_1077_S77	seq_000001027	1906
P13625_1078_S78	seq_000001027	1827
P13625_1079_S79	seq_000001028	9
P13625_1079_S79	seq_000001029	1
P13625_1079_S79	seq_000001030	1
P13625_1079_S79	seq_000001031	1
P13625_1079_S79	seq_000001032	1
P13625_1079_S79	seq_000001033	1
P13625_1079_S79	seq_000001034	1
P13625_1080_S80	seq_000001035	1
P13625_1080_S80	seq_000001036	1
P13625_1080_S80	seq_000001037	1
P13625_1080_S80	seq_000001038	1
P13625_1079_S79	seq_000001039	1
P13625_1077_S77	seq_000001040	96
P13625_1078_S78	seq_000001040	98
P13625_1079_S79	seq_000001040	424
P13625_1080_S80	seq_000001040	330
P13625_1079_S79	seq_000001041	1
P13625_1078_S78	seq_000001042	1
P13625_1077_S77	seq_000001043	86
P13625_1078_S78	seq_000001043	65
P13625_1078_S78	seq_000001044	1
P13625_1078_S78	seq_000001045	3
P13625_1078_S78	seq_000001046	2
P13625_1079_S79	seq_000001047	1
P13625_1079_S79	seq_000001048	1
P13625_1079_S79	seq_000001049	1
P13625_1077_S77	seq_000001050	1
P13625_1078_S78	seq_000001051	1
P13625_1077_S77	seq_000001052	420
P13625_1078_S78	seq_000001052	357
P13625_1075_S75	seq_000001053	76
P13625_1077_S77	seq_000001053	1855
P13625_1078_S78	seq_000001053	1531
P13625_1079_S79	seq_000001053	171
P13625_1080_S80	seq_000001053	140
P13625_1077_S77	seq_000001054	1
P13625_1077_S77	seq_000001055	1
P13625_1078_S78	seq_000001056	1
P13625_1078_S78	seq_000001057	1
P13625_1077_S77	seq_000001058	1
P13625_1075_S75	seq_000001059	22
P13625_1077_S77	seq_000001059	603
P13625_1078_S78	seq_000001059	510
P13625_1079_S79	seq_000001059	49
P13625_1080_S80	seq_000001059	63
P13625_1077_S77	seq_000001060	1
P13625_1077_S77	seq_000001061	1
P13625_1078_S78	seq_000001062	1
P13625_1078_S78	seq_000001063	1
P13625_1078_S78	seq_000001064	1
P13625_1078_S78	seq_000001065	1
P13625_1077_S77	seq_000001066	1
P13625_1078_S78	seq_000001067	1
P13625_1079_S79	seq_000001068	13
P13625_1079_S79	seq_000001069	15
P13625_1080_S80	seq_000001069	18
P13625_1079_S79	seq_000001070	1
P13625_1077_S77	seq_000001071	67
P13625_1078_S78	seq_000001071	83
P13625_1079_S79	seq_000001071	46
P13625_1080_S80	seq_000001071	34
P13625_1077_S77	seq_000001072	1
P13625_1077_S77	seq_000001073	1
P13625_1077_S77	seq_000001074	1
P13625_1080_S80	seq_000001075	1
P13625_1077_S77	seq_000001076	1
P13625_1077_S77	seq_000001077	1
P13625_1078_S78	seq_000001078	1
P13625_1078_S78	seq_000001079	1
P13625_1079_S79	seq_000001080	109
P13625_1080_S80	seq_000001080	90
P13625_1075_S75	seq_000001081	28
P13625_1077_S77	seq_000001081	870
P13625_1078_S78	seq_000001081	723
P13625_1077_S77	seq_000001082	1
P13625_1077_S77	seq_000001083	12
P13625_1078_S78	seq_000001083	6
P13625_1079_S79	seq_000001084	19
P13625_1080_S80	seq_000001084	20
P13625_1079_S79	seq_000001085	38
P13625_1080_S80	seq_000001085	31
P13625_1079_S79	seq_000001086	5
P13625_1080_S80	seq_000001086	5
P13625_1079_S79	seq_000001087	18
P13625_1080_S80	seq_000001087	20
P13625_1077_S77	seq_000001088	1
P13625_1079_S79	seq_000001089	1
P13625_1079_S79	seq_000001090	1
P13625_1078_S78	seq_000001091	1
P13625_1078_S78	seq_000001092	1
P13625_1078_S78	seq_000001093	1
P13625_1077_S77	seq_000001094	2
P13625_1077_S77	seq_000001095	1
P13625_1077_S77	seq_000001096	1
P13625_1077_S77	seq_000001097	1
P13625_1080_S80	seq_000001098	1
P13625_1080_S80	seq_000001099	1
P13625_1077_S77	seq_000001100	1
P13625_1077_S77	seq_000001101	1
P13625_1079_S79	seq_000001102	1
P13625_1075_S75	seq_000001103	70
P13625_1076_S76	seq_000001103	6
P13625_1077_S77	seq_000001103	5902
P13625_1078_S78	seq_000001103	2710
P13625_1079_S79	seq_000001103	916
P13625_1080_S80	seq_000001103	726
P13625_1077_S77	seq_000001104	50
P13625_1079_S79	seq_000001105	1
P13625_1077_S77	seq_000001106	2
P13625_1078_S78	seq_000001107	1
P13625_1078_S78	seq_000001108	1
P13625_1079_S79	seq_000001109	1
P13625_1079_S79	seq_000001110	2
P13625_1079_S79	seq_000001111	2
P13625_1077_S77	seq_000001112	2
P13625_1078_S78	seq_000001113	2
P13625_1077_S77	seq_000001114	73
P13625_1078_S78	seq_000001114	68
P13625_1080_S80	seq_000001114	6
P13625_1079_S79	seq_000001115	3
P13625_1079_S79	seq_000001116	35
P13625_1080_S80	seq_000001116	40
P13625_1077_S77	seq_000001117	14
P13625_1078_S78	seq_000001117	20
P13625_1079_S79	seq_000001117	26
P13625_1080_S80	seq_000001117	22
P13625_1077_S77	seq_000001118	7
P13625_1077_S77	seq_000001119	9
P13625_1078_S78	seq_000001119	9
P13625_1079_S79	seq_000001119	8
P13625_1080_S80	seq_000001119	7
P13625_1078_S78	seq_000001120	5
P13625_1077_S77	seq_000001121	31
P13625_1078_S78	seq_000001121	19
P13625_1080_S80	seq_000001122	1
P13625_1077_S77	seq_000001123	124
P13625_1078_S78	seq_000001123	94
P13625_1079_S79	seq_000001123	125
P13625_1080_S80	seq_000001123	124
P13625_1075_S75	seq_000001124	133
P13625_1076_S76	seq_000001125	1
P13625_1075_S75	seq_000001126	46
P13625_1076_S76	seq_000001126	870
P13625_1080_S80	seq_000001127	9
P13625_1075_S75	seq_000001128	317
P13625_1076_S76	seq_000001128	8605
P13625_1078_S78	seq_000001128	16
P13625_1079_S79	seq_000001128	7
P13625_1080_S80	seq_000001128	15
P13625_1076_S76	seq_000001129	1
P13625_1076_S76	seq_000001130	1
P13625_1076_S76	seq_000001131	1
P13625_1079_S79	seq_000001132	22
P13625_1080_S80	seq_000001132	12
P13625_1075_S75	seq_000001133	307
P13625_1076_S76	seq_000001133	8659
P13625_1076_S76	seq_000001134	1
P13625_1076_S76	seq_000001135	1
P13625_1076_S76	seq_000001136	1
P13625_1076_S76	seq_000001137	1
P13625_1076_S76	seq_000001138	1
P13625_1075_S75	seq_000001139	50
P13625_1076_S76	seq_000001139	1502
P13625_1077_S77	seq_000001140	20
P13625_1078_S78	seq_000001140	15
P13625_1079_S79	seq_000001140	17
P13625_1080_S80	seq_000001140	8
P13625_1077_S77	seq_000001141	1
P13625_1075_S75	seq_000001142	357
P13625_1075_S75	seq_000001143	2
P13625_1077_S77	seq_000001143	51
P13625_1078_S78	seq_000001143	36
P13625_1079_S79	seq_000001143	42
P13625_1080_S80	seq_000001143	38
P13625_1077_S77	seq_000001144	1
P13625_1075_S75	seq_000001145	467
P13625_1078_S78	seq_000001146	2
P13625_1077_S77	seq_000001147	6
P13625_1080_S80	seq_000001148	5
P13625_1075_S75	seq_000001149	500
P13625_1075_S75	seq_000001150	569
P13625_1077_S77	seq_000001151	185
P13625_1078_S78	seq_000001151	125
P13625_1079_S79	seq_000001151	85
P13625_1080_S80	seq_000001151	90
P13625_1077_S77	seq_000001152	1
P13625_1077_S77	seq_000001153	1
P13625_1075_S75	seq_000001154	8
P13625_1077_S77	seq_000001154	217
P13625_1078_S78	seq_000001154	105
P13625_1079_S79	seq_000001154	72
P13625_1080_S80	seq_000001154	45
P13625_1079_S79	seq_000001155	25
P13625_1080_S80	seq_000001155	14
P13625_1079_S79	seq_000001156	35
P13625_1080_S80	seq_000001156	17
P13625_1077_S77	seq_000001157	115
P13625_1078_S78	seq_000001157	62
P13625_1079_S79	seq_000001157	16
P13625_1080_S80	seq_000001157	15
P13625_1079_S79	seq_000001158	1
P13625_1079_S79	seq_000001159	1
P13625_1079_S79	seq_000001160	131
P13625_1080_S80	seq_000001160	147
P13625_1075_S75	seq_000001161	1080
P13625_1079_S79	seq_000001162	49
P13625_1080_S80	seq_000001162	43
P13625_1079_S79	seq_000001163	14
P13625_1080_S80	seq_000001163	8
P13625_1077_S77	seq_000001164	6
P13625_1079_S79	seq_000001165	2
P13625_1079_S79	seq_000001166	8
P13625_1078_S78	seq_000001167	11
P13625_1077_S77	seq_000001168	35
P13625_1078_S78	seq_000001168	24
P13625_1080_S80	seq_000001168	9
P13625_1077_S77	seq_000001169	20
P13625_1077_S77	seq_000001170	15
P13625_1077_S77	seq_000001171	17
P13625_1077_S77	seq_000001172	14
P13625_1077_S77	seq_000001173	1
P13625_1077_S77	seq_000001174	1
P13625_1077_S77	seq_000001175	185
P13625_1078_S78	seq_000001175	97
P13625_1079_S79	seq_000001175	32
P13625_1077_S77	seq_000001176	46
P13625_1078_S78	seq_000001176	54
P13625_1077_S77	seq_000001177	35
P13625_1078_S78	seq_000001177	20
P13625_1077_S77	seq_000001178	1
P13625_1078_S78	seq_000001179	22
P13625_1077_S77	seq_000001180	69
P13625_1078_S78	seq_000001180	47
P13625_1077_S77	seq_000001181	1
P13625_1077_S77	seq_000001182	62
P13625_1078_S78	seq_000001182	32
P13625_1077_S77	seq_000001183	27
P13625_1078_S78	seq_000001183	20
P13625_1077_S77	seq_000001184	15
P13625_1077_S77	seq_000001185	48
P13625_1078_S78	seq_000001185	31
P13625_1075_S75	seq_000001186	11
P13625_1077_S77	seq_000001187	14
P13625_1078_S78	seq_000001187	11
P13625_1080_S80	seq_000001187	2
P13625_1078_S78	seq_000001188	1
P13625_1075_S75	seq_000001189	9
P13625_1077_S77	seq_000001189	240
P13625_1078_S78	seq_000001189	247
P13625_1080_S80	seq_000001189	74
P13625_1079_S79	seq_000001190	35
P13625_1080_S80	seq_000001191	2
P13625_1079_S79	seq_000001192	9
P13625_1077_S77	seq_000001193	23
P13625_1078_S78	seq_000001193	17
P13625_1079_S79	seq_000001193	58
P13625_1080_S80	seq_000001193	42
P13625_1077_S77	seq_000001194	16
P13625_1078_S78	seq_000001194	10
P13625_1077_S77	seq_000001195	14
P13625_1078_S78	seq_000001195	12
P13625_1077_S77	seq_000001196	35
P13625_1078_S78	seq_000001196	33
P13625_1079_S79	seq_000001196	5
P13625_1080_S80	seq_000001196	6
P13625_1079_S79	seq_000001197	7
P13625_1077_S77	seq_000001198	10
P13625_1078_S78	seq_000001198	5
P13625_1080_S80	seq_000001198	14
P13625_1075_S75	seq_000001199	2
P13625_1077_S77	seq_000001199	8
P13625_1078_S78	seq_000001199	10
P13625_1080_S80	seq_000001200	4
P13625_1077_S77	seq_000001201	49
P13625_1078_S78	seq_000001201	33
P13625_1079_S79	seq_000001201	7
P13625_1076_S76	seq_000001202	6
P13625_1077_S77	seq_000001203	17
P13625_1077_S77	seq_000001204	4
P13625_1075_S75	seq_000001205	9
P13625_1077_S77	seq_000001205	58
P13625_1078_S78	seq_000001205	93
P13625_1079_S79	seq_000001205	110
P13625_1080_S80	seq_000001205	84
P13625_1078_S78	seq_000001206	1
P13625_1077_S77	seq_000001207	4
P13625_1078_S78	seq_000001207	4
P13625_1079_S79	seq_000001208	29
P13625_1080_S80	seq_000001208	19
P13625_1077_S77	seq_000001209	28
P13625_1077_S77	seq_000001210	6
P13625_1077_S77	seq_000001211	103
P13625_1078_S78	seq_000001211	71
P13625_1079_S79	seq_000001211	26
P13625_1080_S80	seq_000001211	26
P13625_1080_S80	seq_000001212	44
P13625_1077_S77	seq_000001213	32
P13625_1079_S79	seq_000001214	22
P13625_1080_S80	seq_000001215	16
P13625_1077_S77	seq_000001216	120
P13625_1078_S78	seq_000001216	113
P13625_1079_S79	seq_000001217	41
P13625_1080_S80	seq_000001217	22
P13625_1077_S77	seq_000001218	72
P13625_1078_S78	seq_000001218	54
P13625_1080_S80	seq_000001218	11
P13625_1078_S78	seq_000001219	68
P13625_1077_S77	seq_000001220	80
P13625_1079_S79	seq_000001221	34
P13625_1080_S80	seq_000001221	33
P13625_1079_S79	seq_000001222	23
P13625_1080_S80	seq_000001222	17
P13625_1080_S80	seq_000001223	8
P13625_1077_S77	seq_000001224	89
P13625_1078_S78	seq_000001224	89
P13625_1079_S79	seq_000001224	78
P13625_1080_S80	seq_000001224	67
P13625_1077_S77	seq_000001225	15
P13625_1078_S78	seq_000001225	14
P13625_1079_S79	seq_000001225	31
P13625_1080_S80	seq_000001225	23
P13625_1079_S79	seq_000001226	1
P13625_1079_S79	seq_000001227	1
P13625_1079_S79	seq_000001228	1
P13625_1079_S79	seq_000001229	90
P13625_1075_S75	seq_000001230	17
P13625_1077_S77	seq_000001230	74
P13625_1078_S78	seq_000001230	93
P13625_1080_S80	seq_000001230	59
P13625_1079_S79	seq_000001231	17
P13625_1080_S80	seq_000001232	16
P13625_1078_S78	seq_000001233	15
P13625_1079_S79	seq_000001233	35
P13625_1080_S80	seq_000001233	37
P13625_1077_S77	seq_000001234	61
P13625_1078_S78	seq_000001234	49
P13625_1079_S79	seq_000001234	7
P13625_1080_S80	seq_000001234	8
P13625_1075_S75	seq_000001235	4
P13625_1077_S77	seq_000001235	168
P13625_1078_S78	seq_000001235	124
P13625_1079_S79	seq_000001235	96
P13625_1080_S80	seq_000001235	77
P13625_1079_S79	seq_000001236	1
P13625_1077_S77	seq_000001237	14
P13625_1078_S78	seq_000001237	20
P13625_1079_S79	seq_000001237	35
P13625_1080_S80	seq_000001237	22
P13625_1077_S77	seq_000001238	117
P13625_1078_S78	seq_000001238	64
P13625_1079_S79	seq_000001238	74
P13625_1080_S80	seq_000001238	54
P13625_1080_S80	seq_000001239	50
P13625_1079_S79	seq_000001240	50
P13625_1077_S77	seq_000001241	2
P13625_1077_S77	seq_000001242	1
P13625_1077_S77	seq_000001243	1
P13625_1075_S75	seq_000001244	25
P13625_1077_S77	seq_000001244	1011
P13625_1078_S78	seq_000001244	730
P13625_1079_S79	seq_000001244	634
P13625_1080_S80	seq_000001244	528
P13625_1079_S79	seq_000001245	1
P13625_1077_S77	seq_000001246	1
P13625_1078_S78	seq_000001247	14
P13625_1079_S79	seq_000001248	21
P13625_1078_S78	seq_000001249	38
P13625_1079_S79	seq_000001249	23
P13625_1077_S77	seq_000001250	16
P13625_1079_S79	seq_000001250	29
P13625_1080_S80	seq_000001250	19
P13625_1079_S79	seq_000001251	27
P13625_1080_S80	seq_000001251	31
P13625_1079_S79	seq_000001252	21
P13625_1080_S80	seq_000001253	29
P13625_1077_S77	seq_000001254	71
P13625_1078_S78	seq_000001254	98
P13625_1079_S79	seq_000001255	7
P13625_1077_S77	seq_000001256	17
P13625_1078_S78	seq_000001256	7
P13625_1078_S78	seq_000001257	7
P13625_1077_S77	seq_000001258	2
P13625_1077_S77	seq_000001259	1
P13625_1075_S75	seq_000001260	10
P13625_1077_S77	seq_000001260	307
P13625_1078_S78	seq_000001260	194
P13625_1079_S79	seq_000001260	215
P13625_1080_S80	seq_000001260	156
P13625_1077_S77	seq_000001261	1
P13625_1079_S79	seq_000001262	1
P13625_1075_S75	seq_000001263	1735
P13625_1078_S78	seq_000001264	15
P13625_1076_S76	seq_000001265	1
P13625_1075_S75	seq_000001266	1832
P13625_1076_S76	seq_000001266	1204
P13625_1076_S76	seq_000001267	1
P13625_1077_S77	seq_000001268	66
P13625_1078_S78	seq_000001268	31
P13625_1078_S78	seq_000001269	1
P13625_1078_S78	seq_000001270	1
P13625_1080_S80	seq_000001271	5
P13625_1078_S78	seq_000001272	3
P13625_1075_S75	seq_000001273	1106
P13625_1079_S79	seq_000001274	8
P13625_1080_S80	seq_000001274	6
P13625_1075_S75	seq_000001275	156
P13625_1075_S75	seq_000001276	1778
P13625_1079_S79	seq_000001277	3
P13625_1075_S75	seq_000001278	7
P13625_1076_S76	seq_000001278	6
P13625_1079_S79	seq_000001279	7
P13625_1077_S77	seq_000001280	16
P13625_1075_S75	seq_000001281	99
P13625_1077_S77	seq_000001282	20
P13625_1078_S78	seq_000001282	9
P13625_1075_S75	seq_000001283	85
P13625_1075_S75	seq_000001284	1597
P13625_1075_S75	seq_000001285	570
P13625_1079_S79	seq_000001286	12
P13625_1080_S80	seq_000001286	13
P13625_1077_S77	seq_000001287	7
P13625_1077_S77	seq_000001288	7
P13625_1077_S77	seq_000001289	28
P13625_1078_S78	seq_000001289	15
P13625_1079_S79	seq_000001289	8
P13625_1077_S77	seq_000001290	31
P13625_1078_S78	seq_000001290	15
P13625_1079_S79	seq_000001290	17
P13625_1080_S80	seq_000001290	18
P13625_1078_S78	seq_000001291	4
P13625_1078_S78	seq_000001292	21
P13625_1077_S77	seq_000001293	27
P13625_1079_S79	seq_000001293	8
P13625_1075_S75	seq_000001294	9
P13625_1077_S77	seq_000001294	378
P13625_1078_S78	seq_000001294	236
P13625_1079_S79	seq_000001294	26
P13625_1080_S80	seq_000001294	14
P13625_1075_S75	seq_000001295	430
P13625_1079_S79	seq_000001296	89
P13625_1080_S80	seq_000001296	79
P13625_1079_S79	seq_000001297	6
P13625_1080_S80	seq_000001297	9
P13625_1079_S79	seq_000001298	72
P13625_1080_S80	seq_000001298	42
P13625_1077_S77	seq_000001299	16
P13625_1078_S78	seq_000001299	8
P13625_1077_S77	seq_000001300	47
P13625_1078_S78	seq_000001300	29
P13625_1079_S79	seq_000001300	14
P13625_1080_S80	seq_000001300	16
P13625_1079_S79	seq_000001301	1
P13625_1079_S79	seq_000001302	1
P13625_1075_S75	seq_000001303	11
P13625_1076_S76	seq_000001303	2
P13625_1079_S79	seq_000001303	463
P13625_1080_S80	seq_000001303	337
P13625_1079_S79	seq_000001304	1
P13625_1079_S79	seq_000001305	1
P13625_1077_S77	seq_000001306	3
P13625_1077_S77	seq_000001307	9
P13625_1078_S78	seq_000001307	6
P13625_1079_S79	seq_000001308	46
P13625_1080_S80	seq_000001308	23
P13625_1080_S80	seq_000001309	9
P13625_1077_S77	seq_000001310	8
P13625_1075_S75	seq_000001311	4
P13625_1077_S77	seq_000001311	119
P13625_1078_S78	seq_000001311	64
P13625_1079_S79	seq_000001311	62
P13625_1080_S80	seq_000001311	57
P13625_1077_S77	seq_000001312	33
P13625_1078_S78	seq_000001312	21
P13625_1079_S79	seq_000001313	6
P13625_1079_S79	seq_000001314	101
P13625_1080_S80	seq_000001314	61
P13625_1077_S77	seq_000001315	96
P13625_1078_S78	seq_000001315	60
P13625_1079_S79	seq_000001315	14
P13625_1080_S80	seq_000001315	15
P13625_1077_S77	seq_000001316	53
P13625_1078_S78	seq_000001316	29
P13625_1079_S79	seq_000001316	50
P13625_1080_S80	seq_000001316	59
P13625_1079_S79	seq_000001317	3
P13625_1079_S79	seq_000001318	50
P13625_1080_S80	seq_000001318	32
P13625_1080_S80	seq_000001319	19
P13625_1075_S75	seq_000001320	8
P13625_1079_S79	seq_000001320	213
P13625_1080_S80	seq_000001320	182
P13625_1076_S76	seq_000001321	3
P13625_1079_S79	seq_000001321	224
P13625_1080_S80	seq_000001321	160
P13625_1077_S77	seq_000001322	43
P13625_1078_S78	seq_000001322	15
P13625_1077_S77	seq_000001323	48
P13625_1078_S78	seq_000001323	25
P13625_1079_S79	seq_000001323	23
P13625_1080_S80	seq_000001323	19
P13625_1079_S79	seq_000001324	1
P13625_1079_S79	seq_000001325	1
P13625_1079_S79	seq_000001326	1
P13625_1079_S79	seq_000001327	1
P13625_1075_S75	seq_000001328	8
P13625_1076_S76	seq_000001328	10
P13625_1079_S79	seq_000001328	931
P13625_1080_S80	seq_000001328	679
P13625_1079_S79	seq_000001329	1
P13625_1079_S79	seq_000001330	1
P13625_1079_S79	seq_000001331	1
P13625_1077_S77	seq_000001332	49
P13625_1078_S78	seq_000001332	49
P13625_1078_S78	seq_000001333	1
P13625_1077_S77	seq_000001334	162
P13625_1078_S78	seq_000001334	112
P13625_1079_S79	seq_000001334	2
P13625_1080_S80	seq_000001334	5
P13625_1077_S77	seq_000001335	9
P13625_1078_S78	seq_000001335	11
P13625_1080_S80	seq_000001335	8
P13625_1079_S79	seq_000001336	213
P13625_1080_S80	seq_000001336	207
P13625_1079_S79	seq_000001337	28
P13625_1080_S80	seq_000001337	43
P13625_1079_S79	seq_000001338	52
P13625_1080_S80	seq_000001338	42
P13625_1079_S79	seq_000001339	1
P13625_1075_S75	seq_000001340	3
P13625_1079_S79	seq_000001340	208
P13625_1080_S80	seq_000001340	180
P13625_1079_S79	seq_000001341	1
P13625_1075_S75	seq_000001342	6
P13625_1079_S79	seq_000001342	165
P13625_1080_S80	seq_000001342	124
P13625_1077_S77	seq_000001343	33
P13625_1078_S78	seq_000001343	9
P13625_1075_S75	seq_000001344	362
P13625_1075_S75	seq_000001345	104
P13625_1080_S80	seq_000001346	5
P13625_1079_S79	seq_000001347	10
P13625_1080_S80	seq_000001347	12
P13625_1077_S77	seq_000001348	21
P13625_1078_S78	seq_000001348	20
P13625_1079_S79	seq_000001348	31
P13625_1080_S80	seq_000001348	19
P13625_1079_S79	seq_000001349	1
P13625_1079_S79	seq_000001350	2
P13625_1079_S79	seq_000001351	1
P13625_1080_S80	seq_000001352	25
P13625_1075_S75	seq_000001353	5
P13625_1077_S77	seq_000001353	189
P13625_1078_S78	seq_000001353	96
P13625_1079_S79	seq_000001353	36
P13625_1080_S80	seq_000001353	52
P13625_1077_S77	seq_000001354	47
P13625_1078_S78	seq_000001354	36
P13625_1077_S77	seq_000001355	1
P13625_1076_S76	seq_000001356	7
P13625_1080_S80	seq_000001356	12
P13625_1075_S75	seq_000001357	1265
P13625_1077_S77	seq_000001358	15
P13625_1077_S77	seq_000001359	28
P13625_1078_S78	seq_000001359	13
P13625_1079_S79	seq_000001359	39
P13625_1080_S80	seq_000001359	69
P13625_1078_S78	seq_000001360	6
P13625_1079_S79	seq_000001360	19
P13625_1080_S80	seq_000001360	41
P13625_1075_S75	seq_000001361	325
P13625_1075_S75	seq_000001362	803
P13625_1075_S75	seq_000001363	1245
P13625_1078_S78	seq_000001364	12
P13625_1077_S77	seq_000001365	12
P13625_1077_S77	seq_000001366	10
P13625_1078_S78	seq_000001367	3
P13625_1078_S78	seq_000001368	5
P13625_1079_S79	seq_000001369	85
P13625_1080_S80	seq_000001369	76
P13625_1077_S77	seq_000001370	10
P13625_1078_S78	seq_000001370	4
P13625_1079_S79	seq_000001370	2
P13625_1077_S77	seq_000001371	1
P13625_1077_S77	seq_000001372	1
P13625_1077_S77	seq_000001373	2
P13625_1079_S79	seq_000001374	1
P13625_1078_S78	seq_000001375	1
P13625_1075_S75	seq_000001376	19
P13625_1077_S77	seq_000001376	1200
P13625_1078_S78	seq_000001376	612
P13625_1079_S79	seq_000001376	56
P13625_1080_S80	seq_000001376	68
P13625_1077_S77	seq_000001377	1
P13625_1077_S77	seq_000001378	1
P13625_1077_S77	seq_000001379	1
P13625_1077_S77	seq_000001380	1
P13625_1078_S78	seq_000001381	1
P13625_1078_S78	seq_000001382	1
P13625_1077_S77	seq_000001383	1
P13625_1075_S75	seq_000001384	11
P13625_1079_S79	seq_000001384	179
P13625_1080_S80	seq_000001384	137
P13625_1075_S75	seq_000001385	7528
P13625_1079_S79	seq_000001386	12
P13625_1080_S80	seq_000001387	4
P13625_1077_S77	seq_000001388	11
P13625_1078_S78	seq_000001388	5
P13625_1076_S76	seq_000001389	4
P13625_1076_S76	seq_000001390	8
P13625_1080_S80	seq_000001391	6
P13625_1080_S80	seq_000001392	7
P13625_1075_S75	seq_000001393	771
P13625_1075_S75	seq_000001394	483
P13625_1075_S75	seq_000001395	37727
P13625_1077_S77	seq_000001395	10
P13625_1078_S78	seq_000001395	18
P13625_1079_S79	seq_000001395	13
P13625_1080_S80	seq_000001395	13
P13625_1075_S75	seq_000001396	504
P13625_1075_S75	seq_000001397	589
P13625_1075_S75	seq_000001398	234
P13625_1075_S75	seq_000001399	508
P13625_1075_S75	seq_000001400	233
P13625_1075_S75	seq_000001401	192
P13625_1075_S75	seq_000001402	383
P13625_1075_S75	seq_000001403	2441
P13625_1077_S77	seq_000001404	2
P13625_1075_S75	seq_000001405	370
P13625_1076_S76	seq_000001406	28
P13625_1077_S77	seq_000001406	26
P13625_1078_S78	seq_000001406	27
P13625_1075_S75	seq_000001407	2265
P13625_1075_S75	seq_000001408	5
P13625_1077_S77	seq_000001408	96
P13625_1078_S78	seq_000001408	82
P13625_1075_S75	seq_000001409	2
P13625_1077_S77	seq_000001410	4
P13625_1080_S80	seq_000001411	5
P13625_1076_S76	seq_000001412	1
P13625_1080_S80	seq_000001413	3
P13625_1078_S78	seq_000001414	5
P13625_1077_S77	seq_000001415	10
P13625_1080_S80	seq_000001416	16
P13625_1077_S77	seq_000001417	16
P13625_1079_S79	seq_000001418	12
P13625_1075_S75	seq_000001419	22
P13625_1079_S79	seq_000001420	24
P13625_1076_S76	seq_000001421	19
P13625_1078_S78	seq_000001422	24
P13625_1077_S77	seq_000001423	13
P13625_1079_S79	seq_000001424	40
P13625_1080_S80	seq_000001424	23
P13625_1079_S79	seq_000001425	6
P13625_1077_S77	seq_000001426	35
P13625_1078_S78	seq_000001426	22
P13625_1079_S79	seq_000001426	55
P13625_1080_S80	seq_000001426	47
P13625_1077_S77	seq_000001427	28
P13625_1078_S78	seq_000001427	40
P13625_1075_S75	seq_000001428	7
P13625_1077_S77	seq_000001428	95
P13625_1078_S78	seq_000001428	39
P13625_1077_S77	seq_000001429	39
P13625_1077_S77	seq_000001430	45
P13625_1078_S78	seq_000001430	28
P13625_1079_S79	seq_000001430	36
P13625_1080_S80	seq_000001431	40
P13625_1077_S77	seq_000001432	17
P13625_1079_S79	seq_000001433	26
P13625_1080_S80	seq_000001433	20
P13625_1080_S80	seq_000001434	9
P13625_1079_S79	seq_000001435	12
P13625_1080_S80	seq_000001435	6
P13625_1077_S77	seq_000001436	80
P13625_1078_S78	seq_000001436	54
P13625_1075_S75	seq_000001437	4
P13625_1077_S77	seq_000001437	120
P13625_1078_S78	seq_000001437	70
P13625_1079_S79	seq_000001437	117
P13625_1080_S80	seq_000001437	99
P13625_1078_S78	seq_000001438	1
P13625_1080_S80	seq_000001439	24
P13625_1079_S79	seq_000001440	1
P13625_1079_S79	seq_000001441	1
P13625_1079_S79	seq_000001442	5
P13625_1079_S79	seq_000001443	1
P13625_1079_S79	seq_000001444	1
P13625_1077_S77	seq_000001445	37
P13625_1077_S77	seq_000001446	62
P13625_1078_S78	seq_000001446	92
P13625_1077_S77	seq_000001447	66
P13625_1078_S78	seq_000001447	41
P13625_1077_S77	seq_000001448	64
P13625_1078_S78	seq_000001448	50
P13625_1079_S79	seq_000001448	68
P13625_1080_S80	seq_000001448	81
P13625_1079_S79	seq_000001449	7
P13625_1080_S80	seq_000001449	8
P13625_1077_S77	seq_000001450	4
P13625_1077_S77	seq_000001451	11
P13625_1077_S77	seq_000001452	9
P13625_1080_S80	seq_000001452	5
P13625_1075_S75	seq_000001453	227
P13625_1077_S77	seq_000001454	24
P13625_1078_S78	seq_000001454	14
P13625_1080_S80	seq_000001454	9
P13625_1077_S77	seq_000001455	9
P13625_1078_S78	seq_000001455	6
P13625_1080_S80	seq_000001455	4
P13625_1077_S77	seq_000001456	12
P13625_1077_S77	seq_000001457	13
P13625_1078_S78	seq_000001457	8
P13625_1077_S77	seq_000001458	12
P13625_1078_S78	seq_000001458	8
P13625_1078_S78	seq_000001459	3
P13625_1079_S79	seq_000001459	11
P13625_1080_S80	seq_000001459	18
P13625_1079_S79	seq_000001460	28
P13625_1080_S80	seq_000001460	24
P13625_1077_S77	seq_000001461	3
P13625_1078_S78	seq_000001461	9
P13625_1077_S77	seq_000001462	50
P13625_1078_S78	seq_000001462	42
P13625_1077_S77	seq_000001463	5
P13625_1079_S79	seq_000001463	11
P13625_1080_S80	seq_000001463	12
P13625_1075_S75	seq_000001464	4
P13625_1077_S77	seq_000001464	91
P13625_1078_S78	seq_000001464	77
P13625_1079_S79	seq_000001464	40
P13625_1080_S80	seq_000001464	29
P13625_1080_S80	seq_000001465	5
P13625_1078_S78	seq_000001466	24
P13625_1077_S77	seq_000001467	37
P13625_1079_S79	seq_000001468	11
P13625_1077_S77	seq_000001469	8
P13625_1077_S77	seq_000001470	14
P13625_1078_S78	seq_000001470	17
P13625_1077_S77	seq_000001471	7
P13625_1077_S77	seq_000001472	10
P13625_1078_S78	seq_000001472	15
P13625_1077_S77	seq_000001473	29
P13625_1078_S78	seq_000001473	22
P13625_1080_S80	seq_000001474	6
P13625_1077_S77	seq_000001475	1
P13625_1077_S77	seq_000001476	14
P13625_1078_S78	seq_000001476	15
P13625_1079_S79	seq_000001476	34
P13625_1080_S80	seq_000001476	17
P13625_1077_S77	seq_000001477	22
P13625_1078_S78	seq_000001477	13
P13625_1079_S79	seq_000001478	3
P13625_1077_S77	seq_000001479	4
P13625_1077_S77	seq_000001480	12
P13625_1078_S78	seq_000001480	10
P13625_1079_S79	seq_000001481	1
P13625_1077_S77	seq_000001482	60
P13625_1078_S78	seq_000001482	62
P13625_1079_S79	seq_000001482	30
P13625_1079_S79	seq_000001483	41
P13625_1080_S80	seq_000001483	42
P13625_1079_S79	seq_000001484	14
P13625_1077_S77	seq_000001485	17
P13625_1077_S77	seq_000001486	32
P13625_1077_S77	seq_000001487	40
P13625_1079_S79	seq_000001488	5
P13625_1080_S80	seq_000001488	9
P13625_1075_S75	seq_000001489	4
P13625_1077_S77	seq_000001489	173
P13625_1078_S78	seq_000001489	86
P13625_1079_S79	seq_000001489	182
P13625_1080_S80	seq_000001489	152
P13625_1077_S77	seq_000001490	1
P13625_1079_S79	seq_000001491	1
P13625_1080_S80	seq_000001492	1
P13625_1077_S77	seq_000001493	11
P13625_1079_S79	seq_000001494	15
P13625_1080_S80	seq_000001494	6
P13625_1077_S77	seq_000001495	20
P13625_1078_S78	seq_000001496	1
P13625_1075_S75	seq_000001497	18
P13625_1077_S77	seq_000001497	485
P13625_1078_S78	seq_000001497	459
P13625_1079_S79	seq_000001497	28
P13625_1080_S80	seq_000001497	26
P13625_1077_S77	seq_000001498	203
P13625_1078_S78	seq_000001498	204
P13625_1078_S78	seq_000001499	1
P13625_1077_S77	seq_000001500	1
P13625_1077_S77	seq_000001501	1
P13625_1078_S78	seq_000001502	1
P13625_1078_S78	seq_000001503	10
P13625_1077_S77	seq_000001504	20
P13625_1079_S79	seq_000001505	31
P13625_1080_S80	seq_000001505	24
P13625_1078_S78	seq_000001506	13
P13625_1079_S79	seq_000001506	8
P13625_1077_S77	seq_000001507	75
P13625_1078_S78	seq_000001507	48
P13625_1080_S80	seq_000001507	8
P13625_1077_S77	seq_000001508	13
P13625_1078_S78	seq_000001508	12
P13625_1077_S77	seq_000001509	15
P13625_1078_S78	seq_000001510	21
P13625_1079_S79	seq_000001511	7
P13625_1079_S79	seq_000001512	28
P13625_1077_S77	seq_000001513	36
P13625_1080_S80	seq_000001514	26
P13625_1078_S78	seq_000001515	24
P13625_1077_S77	seq_000001516	1
P13625_1077_S77	seq_000001517	1
P13625_1078_S78	seq_000001518	29
P13625_1077_S77	seq_000001519	29
P13625_1080_S80	seq_000001520	28
P13625_1079_S79	seq_000001521	50
P13625_1079_S79	seq_000001522	23
P13625_1080_S80	seq_000001522	28
P13625_1077_S77	seq_000001523	18
P13625_1080_S80	seq_000001524	19
P13625_1079_S79	seq_000001525	17
P13625_1080_S80	seq_000001525	27
P13625_1075_S75	seq_000001526	183
P13625_1075_S75	seq_000001527	442
P13625_1075_S75	seq_000001528	196
P13625_1075_S75	seq_000001529	909
